;id;nome;siglaPartido;siglaUf;idLegislatura;email;uriPartido
0;220593;Abilio Brunini;PL;MT;57;Não informado;https://dadosabertos.camara.leg.br/api/v2/partidos/37906
1;204379;Acácio Favacho;MDB;AP;57;dep.acaciofavacho@camara.leg.br;https://dadosabertos.camara.leg.br/api/v2/partidos/36899
2;220714;Adail Filho;REPUBLICANOS;AM;57;dep.adailfilho@camara.leg.br;https://dadosabertos.camara.leg.br/api/v2/partidos/37908
3;221328;Adilson Barroso;PL;SP;57;dep.adilsonbarroso@camara.leg.br;https://dadosabertos.camara.leg.br/api/v2/partidos/37906
4;204560;Adolfo Viana;PSDB;BA;57;dep.adolfoviana@camara.leg.br;https://dadosabertos.camara.leg.br/api/v2/partidos/36835
5;204528;Adriana Ventura;NOVO;SP;57;dep.adrianaventura@camara.leg.br;https://dadosabertos.camara.leg.br/api/v2/partidos/37901
6;121948;Adriano do Baldy;PP;GO;57;dep.adrianodobaldy@camara.leg.br;https://dadosabertos.camara.leg.br/api/v2/partidos/37903
7;74646;Aécio Neves;PSDB;MG;57;dep.aecioneves@camara.leg.br;https://dadosabertos.camara.leg.br/api/v2/partidos/36835
8;160508;Afonso Florence;PT;BA;57;Não informado;https://dadosabertos.camara.leg.br/api/v2/partidos/36844
9;136811;Afonso Hamm;PP;RS;57;dep.afonsohamm@camara.leg.br;https://dadosabertos.camara.leg.br/api/v2/partidos/37903
10;178835;Afonso Motta;PDT;RS;57;dep.afonsomotta@camara.leg.br;https://dadosabertos.camara.leg.br/api/v2/partidos/36786
11;160527;Aguinaldo Ribeiro;PP;PB;57;dep.aguinaldoribeiro@camara.leg.br;https://dadosabertos.camara.leg.br/api/v2/partidos/37903
12;204495;Airton Faleiro;PT;PA;57;dep.airtonfaleiro@camara.leg.br;https://dadosabertos.camara.leg.br/api/v2/partidos/36844
13;204549;AJ Albuquerque;PP;CE;57;dep.ajalbuquerque@camara.leg.br;https://dadosabertos.camara.leg.br/api/v2/partidos/37903
14;73579;Alberto Fraga;PL;DF;57;dep.albertofraga@camara.leg.br;https://dadosabertos.camara.leg.br/api/v2/partidos/37906
15;74696;Alberto Mourão;MDB;SP;57;Não informado;https://dadosabertos.camara.leg.br/api/v2/partidos/36899
16;220538;Albuquerque;REPUBLICANOS;RR;57;dep.albuquerque@camara.leg.br;https://dadosabertos.camara.leg.br/api/v2/partidos/37908
17;160559;Alceu Moreira;MDB;RS;57;dep.alceumoreira@camara.leg.br;https://dadosabertos.camara.leg.br/api/v2/partidos/36899
18;204501;Alencar Santana;PT;SP;57;dep.alencarsantana@camara.leg.br;https://dadosabertos.camara.leg.br/api/v2/partidos/36844
19;178972;Alex Manente;CIDADANIA;SP;57;dep.alexmanente@camara.leg.br;https://dadosabertos.camara.leg.br/api/v2/partidos/37905
20;204571;Alex Santana;REPUBLICANOS;BA;57;dep.alexsantana@camara.leg.br;https://dadosabertos.camara.leg.br/api/v2/partidos/37908
21;220542;Alexandre Guimarães;REPUBLICANOS;TO;57;dep.alexandreguimaraes@camara.leg.br;https://dadosabertos.camara.leg.br/api/v2/partidos/36899
22;220542;Alexandre Guimarães;MDB;TO;57;dep.alexandreguimaraes@camara.leg.br;https://dadosabertos.camara.leg.br/api/v2/partidos/36899
23;160545;Alexandre Leite;UNIÃO;SP;57;dep.alexandreleite@camara.leg.br;https://dadosabertos.camara.leg.br/api/v2/partidos/38009
24;220554;Alexandre Lindenmeyer;PT;RS;57;dep.alexandrelindenmeyer@camara.leg.br;https://dadosabertos.camara.leg.br/api/v2/partidos/36844
25;204503;Alexandre Padilha;PT;SP;57;Não informado;https://dadosabertos.camara.leg.br/api/v2/partidos/36844
26;221148;Alfredinho;PT;SP;57;dep.alfredinho@camara.leg.br;https://dadosabertos.camara.leg.br/api/v2/partidos/36844
27;220576;Alfredo Gaspar;UNIÃO;AL;57;dep.alfredogaspar@camara.leg.br;https://dadosabertos.camara.leg.br/api/v2/partidos/38009
28;74057;Alice Portugal;PCdoB;BA;57;dep.aliceportugal@camara.leg.br;https://dadosabertos.camara.leg.br/api/v2/partidos/36779
29;178927;Aliel Machado;PV;PR;57;dep.alielmachado@camara.leg.br;https://dadosabertos.camara.leg.br/api/v2/partidos/36851
30;204353;Aline Gurgel;REPUBLICANOS;AP;57;Não informado;https://dadosabertos.camara.leg.br/api/v2/partidos/37908
31;226708;Allan Garcês;PP;MA;57;dep.allangarces@camara.leg.br;https://dadosabertos.camara.leg.br/api/v2/partidos/37903
32;178937;Altineu Côrtes;PL;RJ;57;dep.altineucortes@camara.leg.br;https://dadosabertos.camara.leg.br/api/v2/partidos/37906
33;178881;Aluisio Mendes;PSC;MA;57;dep.aluisiomendes@camara.leg.br;https://dadosabertos.camara.leg.br/api/v2/partidos/37908
34;178881;Aluisio Mendes;REPUBLICANOS;MA;57;dep.aluisiomendes@camara.leg.br;https://dadosabertos.camara.leg.br/api/v2/partidos/37908
35;220596;Amália Barros;PL;MT;57;Não informado;https://dadosabertos.camara.leg.br/api/v2/partidos/37906
36;220707;Amanda Gentil;PP;MA;57;dep.amandagentil@camara.leg.br;https://dadosabertos.camara.leg.br/api/v2/partidos/37903
37;204356;Amaro Neto;REPUBLICANOS;ES;57;dep.amaroneto@camara.leg.br;https://dadosabertos.camara.leg.br/api/v2/partidos/37908
38;220715;Amom Mandel;CIDADANIA;AM;57;dep.amommandel@camara.leg.br;https://dadosabertos.camara.leg.br/api/v2/partidos/37905
39;107970;Ana Paula Leão;PP;MG;57;dep.anapaulaleao@camara.leg.br;https://dadosabertos.camara.leg.br/api/v2/partidos/37903
40;220556;Ana Paula Lima;PT;SC;57;dep.anapaulalima@camara.leg.br;https://dadosabertos.camara.leg.br/api/v2/partidos/36844
41;220632;Ana Pimentel;PT;MG;57;dep.anapimentel@camara.leg.br;https://dadosabertos.camara.leg.br/api/v2/partidos/36844
42;178831;ANDRÉ ABDON;PP;AP;57;dep.andreabdon@camara.leg.br;https://dadosabertos.camara.leg.br/api/v2/partidos/37903
43;220657;André Fernandes;PL;CE;57;dep.andrefernandes@camara.leg.br;https://dadosabertos.camara.leg.br/api/v2/partidos/37906
44;204423;André Ferreira;PL;PE;57;dep.andreferreira@camara.leg.br;https://dadosabertos.camara.leg.br/api/v2/partidos/37906
45;133439;André Figueiredo;PDT;CE;57;dep.andrefigueiredo@camara.leg.br;https://dadosabertos.camara.leg.br/api/v2/partidos/36786
46;178882;André Fufuca;PP;MA;57;Não informado;https://dadosabertos.camara.leg.br/api/v2/partidos/37903
47;204515;André Janones;AVANTE;MG;57;dep.andrejanones@camara.leg.br;https://dadosabertos.camara.leg.br/api/v2/partidos/36898
48;220676;Andreia Siqueira;MDB;PA;57;dep.andreiasiqueira@camara.leg.br;https://dadosabertos.camara.leg.br/api/v2/partidos/36899
49;123756;Antônia Lúcia;REPUBLICANOS;AC;57;dep.antonialucia@camara.leg.br;https://dadosabertos.camara.leg.br/api/v2/partidos/37908
50;220544;Antonio Andrade;REPUBLICANOS;TO;57;dep.antonioandrade@camara.leg.br;https://dadosabertos.camara.leg.br/api/v2/partidos/37908
51;160553;Antonio Brito;PSD;BA;57;dep.antoniobrito@camara.leg.br;https://dadosabertos.camara.leg.br/api/v2/partidos/36834
52;220638;Antonio Carlos Rodrigues;PL;SP;57;dep.antoniocarlosrodrigues@camara.leg.br;https://dadosabertos.camara.leg.br/api/v2/partidos/37906
53;220675;Antônio Doido;MDB;PA;57;dep.antoniodoido@camara.leg.br;https://dadosabertos.camara.leg.br/api/v2/partidos/36899
54;220549;Any Ortiz;CIDADANIA;RS;57;dep.anyortiz@camara.leg.br;https://dadosabertos.camara.leg.br/api/v2/partidos/37905
55;73433;Arlindo Chinaglia;PT;SP;57;dep.arlindochinaglia@camara.leg.br;https://dadosabertos.camara.leg.br/api/v2/partidos/36844
56;141391;Arnaldo Jardim;CIDADANIA;SP;57;dep.arnaldojardim@camara.leg.br;https://dadosabertos.camara.leg.br/api/v2/partidos/37905
57;160541;Arthur Lira;PP;AL;57;dep.arthurlira@camara.leg.br;https://dadosabertos.camara.leg.br/api/v2/partidos/37903
58;160600;Arthur Oliveira Maia;UNIÃO;BA;57;dep.arthuroliveiramaia@camara.leg.br;https://dadosabertos.camara.leg.br/api/v2/partidos/38009
59;74090;Átila Lins;PSD;AM;57;dep.atilalins@camara.leg.br;https://dadosabertos.camara.leg.br/api/v2/partidos/36834
60;123086;Átila Lira;PP;PI;57;dep.atilamlira@camara.leg.br;https://dadosabertos.camara.leg.br/api/v2/partidos/37903
61;160665;Augusto Coutinho;REPUBLICANOS;PE;57;dep.augustocoutinho@camara.leg.br;https://dadosabertos.camara.leg.br/api/v2/partidos/37908
62;220577;Augusto Pupio;MDB;AP;57;Não informado;https://dadosabertos.camara.leg.br/api/v2/partidos/36899
63;220577;Augusto Puppio;MDB;AP;57;Não informado;https://dadosabertos.camara.leg.br/api/v2/partidos/36899
64;160512;Aureo Ribeiro;SOLIDARIEDADE;RJ;57;dep.aureoribeiro@camara.leg.br;https://dadosabertos.camara.leg.br/api/v2/partidos/37904
65;69871;Bacelar;PV;BA;57;dep.bacelar@camara.leg.br;https://dadosabertos.camara.leg.br/api/v2/partidos/36851
66;178975;Baleia Rossi;MDB;SP;57;dep.baleiarossi@camara.leg.br;https://dadosabertos.camara.leg.br/api/v2/partidos/36899
67;220605;Bandeira de Mello;PSB;RJ;57;dep.bandeirademello@camara.leg.br;https://dadosabertos.camara.leg.br/api/v2/partidos/36832
68;220612;Bebeto;PTB;RJ;57;dep.bebeto@camara.leg.br;https://dadosabertos.camara.leg.br/api/v2/partidos/37903
69;220612;Bebeto;PP;RJ;57;dep.bebeto@camara.leg.br;https://dadosabertos.camara.leg.br/api/v2/partidos/37903
70;73701;Benedita da Silva;PT;RJ;57;dep.beneditadasilva@camara.leg.br;https://dadosabertos.camara.leg.br/api/v2/partidos/36844
71;109429;Benes Leocádio;UNIÃO;RN;57;dep.benesleocadio@camara.leg.br;https://dadosabertos.camara.leg.br/api/v2/partidos/38009
72;204358;Beto Pereira;PSDB;MS;57;dep.betopereira@camara.leg.br;https://dadosabertos.camara.leg.br/api/v2/partidos/36835
73;220698;Beto Preto;PSD;PR;57;Não informado;https://dadosabertos.camara.leg.br/api/v2/partidos/36834
74;220683;Beto Richa;PSDB;PR;57;dep.betoricha@camara.leg.br;https://dadosabertos.camara.leg.br/api/v2/partidos/36835
75;204374;Bia Kicis;PL;DF;57;dep.biakicis@camara.leg.br;https://dadosabertos.camara.leg.br/api/v2/partidos/37906
76;204388;Bibo Nunes;PL;RS;57;dep.bibonunes@camara.leg.br;https://dadosabertos.camara.leg.br/api/v2/partidos/37906
77;160538;Bohn Gass;PT;RS;57;dep.bohngass@camara.leg.br;https://dadosabertos.camara.leg.br/api/v2/partidos/36844
78;74052;Bosco Costa;PL;SE;57;Não informado;https://dadosabertos.camara.leg.br/api/v2/partidos/37906
79;210989;Bruno Farias;AVANTE;MG;57;dep.brunofarias@camara.leg.br;https://dadosabertos.camara.leg.br/api/v2/partidos/36898
80;220635;Bruno Ganem;PODE;SP;57;dep.brunoganem@camara.leg.br;https://dadosabertos.camara.leg.br/api/v2/partidos/36896
81;220574;Cabo Gilberto Silva;PL;PB;57;dep.cabogilbertosilva@camara.leg.br;https://dadosabertos.camara.leg.br/api/v2/partidos/37906
82;143942;Caio Vianna;PSD;RJ;57;dep.caiovianna@camara.leg.br;https://dadosabertos.camara.leg.br/api/v2/partidos/36834
83;220548;Camila Jara;PT;MS;57;dep.camilajara@camara.leg.br;https://dadosabertos.camara.leg.br/api/v2/partidos/36844
84;204572;Capitão Alberto Neto;PL;AM;57;dep.capitaoalbertoneto@camara.leg.br;https://dadosabertos.camara.leg.br/api/v2/partidos/37906
85;220690;Capitão Alden;PL;BA;57;dep.capitaoalden@camara.leg.br;https://dadosabertos.camara.leg.br/api/v2/partidos/37906
86;178829;Capitão Augusto;PL;SP;57;dep.capitaoaugusto@camara.leg.br;https://dadosabertos.camara.leg.br/api/v2/partidos/37906
87;229069;Capitão Samuel;PP;SE;57;Não informado;https://dadosabertos.camara.leg.br/api/v2/partidos/37903
88;229106;Carla Ayres;PT;SC;57;Não informado;https://dadosabertos.camara.leg.br/api/v2/partidos/36844
89;213762;Carla Dickson;UNIÃO;RN;57;dep.carladickson@camara.leg.br;https://dadosabertos.camara.leg.br/api/v2/partidos/38009
90;204507;Carla Zambelli;PL;SP;57;Não informado;https://dadosabertos.camara.leg.br/api/v2/partidos/37906
91;204361;Carlos Chiodini;MDB;SC;57;dep.carloschiodini@camara.leg.br;https://dadosabertos.camara.leg.br/api/v2/partidos/36899
92;178962;Carlos Gomes;REPUBLICANOS;RS;57;dep.carlosgomes@camara.leg.br;https://dadosabertos.camara.leg.br/api/v2/partidos/37908
93;178993;Carlos Henrique Gaguim;UNIÃO;TO;57;dep.carloshenriquegaguim@camara.leg.br;https://dadosabertos.camara.leg.br/api/v2/partidos/38009
94;204460;Carlos Jordy;PL;RJ;57;dep.carlosjordy@camara.leg.br;https://dadosabertos.camara.leg.br/api/v2/partidos/37906
95;74262;Carlos Sampaio;PSDB;SP;57;dep.carlossampaio@camara.leg.br;https://dadosabertos.camara.leg.br/api/v2/partidos/36834
96;74262;Carlos Sampaio;PSD;SP;57;dep.carlossampaio@camara.leg.br;https://dadosabertos.camara.leg.br/api/v2/partidos/36834
97;204426;Carlos Veras;PT;PE;57;dep.carlosveras@camara.leg.br;https://dadosabertos.camara.leg.br/api/v2/partidos/36844
98;141398;Carlos Zarattini;PT;SP;57;dep.carloszarattini@camara.leg.br;https://dadosabertos.camara.leg.br/api/v2/partidos/36844
99;164360;Carmen Zanotto;CIDADANIA;SC;57;Não informado;https://dadosabertos.camara.leg.br/api/v2/partidos/37905
100;220704;Carol Dartora;PT;PR;57;dep.caroldartora@camara.leg.br;https://dadosabertos.camara.leg.br/api/v2/partidos/36844
101;204369;Caroline de Toni;PL;SC;57;dep.carolinedetoni@camara.leg.br;https://dadosabertos.camara.leg.br/api/v2/partidos/37906
102;220699;Castro Neto;PSD;PI;57;dep.castroneto@camara.leg.br;https://dadosabertos.camara.leg.br/api/v2/partidos/36834
103;206018;Célia Xakriabá;PSOL;MG;57;dep.celiaxakriaba@camara.leg.br;https://dadosabertos.camara.leg.br/api/v2/partidos/36839
104;178876;Célio Silveira;MDB;GO;57;dep.celiosilveira@camara.leg.br;https://dadosabertos.camara.leg.br/api/v2/partidos/36899
105;204488;Célio Studart;PSD;CE;57;dep.celiostudart@camara.leg.br;https://dadosabertos.camara.leg.br/api/v2/partidos/36834
106;73441;Celso Russomanno;REPUBLICANOS;SP;57;dep.celsorussomanno@camara.leg.br;https://dadosabertos.camara.leg.br/api/v2/partidos/37908
107;204496;Celso Sabino;UNIÃO;PA;57;dep.celsosabino@camara.leg.br;https://dadosabertos.camara.leg.br/api/v2/partidos/38009
108;204504;Cezinha de Madureira;PSD;SP;57;dep.cezinhademadureira@camara.leg.br;https://dadosabertos.camara.leg.br/api/v2/partidos/36834
109;205476;Charles Fernandes;PSD;BA;57;dep.charlesfernandes@camara.leg.br;https://dadosabertos.camara.leg.br/api/v2/partidos/36834
110;74171;Chico Alencar;PSOL;RJ;57;dep.chicoalencar@camara.leg.br;https://dadosabertos.camara.leg.br/api/v2/partidos/36839
111;204476;Chiquinho Brazão;UNIÃO;RJ;57;Não informado;https://dadosabertos.camara.leg.br/api/v2/partidos/36852
112;204476;Chiquinho Brazão;S.PART.;RJ;57;Não informado;https://dadosabertos.camara.leg.br/api/v2/partidos/36852
113;204462;Chris Tonietto;PL;RJ;57;dep.christonietto@camara.leg.br;https://dadosabertos.camara.leg.br/api/v2/partidos/37906
114;220665;Clarissa Tércio;PP;PE;57;dep.clarissatercio@camara.leg.br;https://dadosabertos.camara.leg.br/api/v2/partidos/37903
115;74537;Claudio Cajado;PP;BA;57;dep.claudiocajado@camara.leg.br;https://dadosabertos.camara.leg.br/api/v2/partidos/37903
116;141408;Cleber Verde;REPUBLICANOS;MA;57;dep.cleberverde@camara.leg.br;https://dadosabertos.camara.leg.br/api/v2/partidos/36899
117;141408;Cleber Verde;MDB;MA;57;dep.cleberverde@camara.leg.br;https://dadosabertos.camara.leg.br/api/v2/partidos/36899
118;88256;Clodoaldo Magalhães;PV;PE;57;dep.clodoaldomagalhaes@camara.leg.br;https://dadosabertos.camara.leg.br/api/v2/partidos/36851
119;98148;Cobalchini;MDB;SC;57;dep.cobalchini@camara.leg.br;https://dadosabertos.camara.leg.br/api/v2/partidos/36899
120;204376;Coronel Armando;PL;SC;57;Não informado;https://dadosabertos.camara.leg.br/api/v2/partidos/37903
121;204376;Coronel Armando;PP;SC;57;Não informado;https://dadosabertos.camara.leg.br/api/v2/partidos/37903
122;220594;Coronel Assis;UNIÃO;MT;57;dep.coronelassis@camara.leg.br;https://dadosabertos.camara.leg.br/api/v2/partidos/38009
123;204378;Coronel Chrisóstomo;PL;RO;57;dep.coronelchrisostomo@camara.leg.br;https://dadosabertos.camara.leg.br/api/v2/partidos/37906
124;220595;Coronel Fernanda;PL;MT;57;dep.coronelfernanda@camara.leg.br;https://dadosabertos.camara.leg.br/api/v2/partidos/37906
125;220666;Coronel Meira;PL;PE;57;dep.coronelmeira@camara.leg.br;https://dadosabertos.camara.leg.br/api/v2/partidos/37906
126;204514;Coronel Tadeu;PL;SP;57;Não informado;https://dadosabertos.camara.leg.br/api/v2/partidos/37906
127;222142;Coronel Telhada;PP;SP;57;Não informado;https://dadosabertos.camara.leg.br/api/v2/partidos/37903
128;220590;Coronel Ulysses;UNIÃO;AC;57;dep.coronelulysses@camara.leg.br;https://dadosabertos.camara.leg.br/api/v2/partidos/38009
129;178963;Covatti Filho;PP;RS;57;dep.covattifilho@camara.leg.br;https://dadosabertos.camara.leg.br/api/v2/partidos/37903
130;220608;Cristiane Lopes;UNIÃO;RO;57;dep.cristianelopes@camara.leg.br;https://dadosabertos.camara.leg.br/api/v2/partidos/38009
131;234840;Cristiano Furlan;REDE;AP;57;Não informado;https://dadosabertos.camara.leg.br/api/v2/partidos/36886
132;204355;Da Vitoria;PP;ES;57;dep.davitoria@camara.leg.br;https://dadosabertos.camara.leg.br/api/v2/partidos/37903
133;141411;Dagoberto Nogueira;PSDB;MS;57;dep.dagobertonogueira@camara.leg.br;https://dadosabertos.camara.leg.br/api/v2/partidos/36835
134;220555;Daiana Santos;PCdoB;RS;57;dep.daianasantos@camara.leg.br;https://dadosabertos.camara.leg.br/api/v2/partidos/36779
135;220692;Dal Barreto;UNIÃO;BA;57;dep.dalbarreto@camara.leg.br;https://dadosabertos.camara.leg.br/api/v2/partidos/38009
136;74467;Damião Feliciano;UNIÃO;PB;57;dep.damiaofeliciano@camara.leg.br;https://dadosabertos.camara.leg.br/api/v2/partidos/38009
137;220629;Dandara;PT;MG;57;dep.dandara@camara.leg.br;https://dadosabertos.camara.leg.br/api/v2/partidos/36844
138;220603;Dani Cunha;UNIÃO;RJ;57;dep.danicunha@camara.leg.br;https://dadosabertos.camara.leg.br/api/v2/partidos/38009
139;220571;Daniel Agrobom;PL;GO;57;dep.danielagrobom@camara.leg.br;https://dadosabertos.camara.leg.br/api/v2/partidos/37906
140;74060;Daniel Almeida;PCdoB;BA;57;dep.danielalmeida@camara.leg.br;https://dadosabertos.camara.leg.br/api/v2/partidos/36779
141;220582;Daniel Barbosa;PP;AL;57;dep.danielbarbosa@camara.leg.br;https://dadosabertos.camara.leg.br/api/v2/partidos/37903
142;204367;Daniel Freitas;PL;SC;57;dep.danielfreitas@camara.leg.br;https://dadosabertos.camara.leg.br/api/v2/partidos/37906
143;228941;Daniel José;PODE;SP;57;Não informado;https://dadosabertos.camara.leg.br/api/v2/partidos/36896
144;220614;Daniel Soranz;PSD;RJ;57;Não informado;https://dadosabertos.camara.leg.br/api/v2/partidos/36834
145;204409;Daniel Trzeciak;PSDB;RS;57;dep.danieltrzeciak@camara.leg.br;https://dadosabertos.camara.leg.br/api/v2/partidos/36835
146;204459;Daniela do Waguinho;UNIÃO;RJ;57;dep.danieladowaguinho@camara.leg.br;https://dadosabertos.camara.leg.br/api/v2/partidos/38009
147;220557;Daniela Reinehr;PL;SC;57;dep.danielareinehr@camara.leg.br;https://dadosabertos.camara.leg.br/api/v2/partidos/37906
148;62881;Danilo Forte;UNIÃO;CE;57;dep.daniloforte@camara.leg.br;https://dadosabertos.camara.leg.br/api/v2/partidos/38009
149;160552;Danrlei de Deus Hinterholz;PSD;RS;57;dep.danrleidedeushinterholz@camara.leg.br;https://dadosabertos.camara.leg.br/api/v2/partidos/36834
150;116379;Darci de Matos;PSD;SC;57;Não informado;https://dadosabertos.camara.leg.br/api/v2/partidos/36834
151;204511;David Soares;UNIÃO;SP;57;dep.davidsoares@camara.leg.br;https://dadosabertos.camara.leg.br/api/v2/partidos/38009
152;220659;Dayany Bittencourt;UNIÃO;CE;57;Não informado;https://dadosabertos.camara.leg.br/api/v2/partidos/38009
153;220659;Dayany do Capitão;UNIÃO;CE;57;Não informado;https://dadosabertos.camara.leg.br/api/v2/partidos/38009
154;220539;Defensor Stélio Dener;REPUBLICANOS;RR;57;dep.defensorsteliodener@camara.leg.br;https://dadosabertos.camara.leg.br/api/v2/partidos/37908
155;220565;Delegada Adriana Accorsi;PT;GO;57;dep.delegadaadrianaaccorsi@camara.leg.br;https://dadosabertos.camara.leg.br/api/v2/partidos/36844
156;220625;Delegada Ione;AVANTE;MG;57;dep.delegadaione@camara.leg.br;https://dadosabertos.camara.leg.br/api/v2/partidos/36898
157;220561;Delegada Katarina;PSD;SE;57;dep.delegadakatarina@camara.leg.br;https://dadosabertos.camara.leg.br/api/v2/partidos/36834
158;220642;Delegado Bruno Lima;PP;SP;57;dep.delegadobrunolima@camara.leg.br;https://dadosabertos.camara.leg.br/api/v2/partidos/37903
159;220673;Delegado Caveira;PL;PA;57;dep.delegadocaveira@camara.leg.br;https://dadosabertos.camara.leg.br/api/v2/partidos/37906
160;220649;Delegado da Cunha;PP;SP;57;dep.delegadodacunha@camara.leg.br;https://dadosabertos.camara.leg.br/api/v2/partidos/37903
161;178908;Delegado Éder Mauro;PL;PA;57;dep.delegadoedermauro@camara.leg.br;https://dadosabertos.camara.leg.br/api/v2/partidos/37906
162;220583;Delegado Fabio Costa;PP;AL;57;dep.delegadofabiocosta@camara.leg.br;https://dadosabertos.camara.leg.br/api/v2/partidos/37903
163;204512;Delegado Marcelo Freitas;UNIÃO;MG;57;dep.delegadomarcelofreitas@camara.leg.br;https://dadosabertos.camara.leg.br/api/v2/partidos/38009
164;220701;Delegado Matheus Laiola;UNIÃO;PR;57;dep.delegadomatheuslaiola@camara.leg.br;https://dadosabertos.camara.leg.br/api/v2/partidos/38009
165;220652;Delegado Palumbo;MDB;SP;57;dep.delegadopalumbo@camara.leg.br;https://dadosabertos.camara.leg.br/api/v2/partidos/36899
166;220654;Delegado Paulo Bilynskyj;PL;SP;57;dep.delegadopaulobilynskyj@camara.leg.br;https://dadosabertos.camara.leg.br/api/v2/partidos/37906
167;220619;Delegado Ramagem;PL;RJ;57;Não informado;https://dadosabertos.camara.leg.br/api/v2/partidos/37906
168;228272;Délio Pinheiro;PDT;MG;57;Não informado;https://dadosabertos.camara.leg.br/api/v2/partidos/36786
169;220705;Deltan Dallagnol;PODE;PR;57;Não informado;https://dadosabertos.camara.leg.br/api/v2/partidos/36896
170;220553;Denise Pessôa;PT;RS;57;dep.denisepessoa@camara.leg.br;https://dadosabertos.camara.leg.br/api/v2/partidos/36844
171;220689;Detinha;PL;MA;57;Não informado;https://dadosabertos.camara.leg.br/api/v2/partidos/37906
172;160588;Diego Andrade;PSD;MG;57;dep.diegoandrade@camara.leg.br;https://dadosabertos.camara.leg.br/api/v2/partidos/36834
173;220691;Diego Coronel;PSD;BA;57;dep.diegocoronel@camara.leg.br;https://dadosabertos.camara.leg.br/api/v2/partidos/36834
174;178929;Diego Garcia;REPUBLICANOS;PR;57;dep.diegogarcia@camara.leg.br;https://dadosabertos.camara.leg.br/api/v2/partidos/37908
175;73768;Dilceu Sperafico;PP;PR;57;dep.dilceusperafico@camara.leg.br;https://dadosabertos.camara.leg.br/api/v2/partidos/37903
176;220671;Dilvanda Faro;PT;PA;57;dep.dilvandafaro@camara.leg.br;https://dadosabertos.camara.leg.br/api/v2/partidos/36844
177;160599;Dimas Fabiano;PP;MG;57;dep.dimasfabiano@camara.leg.br;https://dadosabertos.camara.leg.br/api/v2/partidos/37903
178;220602;Dimas Gadelha;PT;RJ;57;dep.dimasgadelha@camara.leg.br;https://dadosabertos.camara.leg.br/api/v2/partidos/36844
179;143632;Domingos Neto;PSD;CE;57;dep.domingosneto@camara.leg.br;https://dadosabertos.camara.leg.br/api/v2/partidos/36834
180;160758;Domingos Sávio;PL;MG;57;dep.domingossavio@camara.leg.br;https://dadosabertos.camara.leg.br/api/v2/partidos/37906
181;220573;Dorinaldo Malafaia;PDT;AP;57;dep.dorinaldomalafaia@camara.leg.br;https://dadosabertos.camara.leg.br/api/v2/partidos/36786
182;227433;Douglas Viegas;UNIÃO;SP;57;Não informado;https://dadosabertos.camara.leg.br/api/v2/partidos/38009
183;204450;Doutor Luizinho;PP;RJ;57;dep.doutorluizinho@camara.leg.br;https://dadosabertos.camara.leg.br/api/v2/partidos/37903
184;221339;Dr Benjamim;UNIÃO;MA;57;Não informado;https://dadosabertos.camara.leg.br/api/v2/partidos/38009
185;227401;Dr Fabio Rueda;UNIÃO;AC;57;Não informado;https://dadosabertos.camara.leg.br/api/v2/partidos/38009
186;227991;Dr Flávio;PL;RJ;57;dep.drflavio@camara.leg.br;https://dadosabertos.camara.leg.br/api/v2/partidos/37906
187;226708;Dr. Allan Garcês;PP;MA;57;dep.allangarces@camara.leg.br;https://dadosabertos.camara.leg.br/api/v2/partidos/37903
188;221339;Dr. Benjamim;UNIÃO;MA;57;Não informado;https://dadosabertos.camara.leg.br/api/v2/partidos/38009
189;220614;Dr. Daniel Soranz;PSD;RJ;57;Não informado;https://dadosabertos.camara.leg.br/api/v2/partidos/36834
190;220610;Dr. Fernando Máximo;UNIÃO;RO;57;dep.dr.fernandomaximo@camara.leg.br;https://dadosabertos.camara.leg.br/api/v2/partidos/38009
191;220688;Dr. Francisco;PT;PI;57;dep.dr.francisco@camara.leg.br;https://dadosabertos.camara.leg.br/api/v2/partidos/36844
192;204518;Dr. Frederico;PATRIOTA;MG;57;dep.dr.frederico@camara.leg.br;https://dadosabertos.camara.leg.br/api/v2/partidos/38010
193;204518;Dr. Frederico;PRD;MG;57;dep.dr.frederico@camara.leg.br;https://dadosabertos.camara.leg.br/api/v2/partidos/38010
194;212625;Dr. Gonçalo;PODE;MA;57;Não informado;https://dadosabertos.camara.leg.br/api/v2/partidos/36896
195;220570;Dr. Ismael Alexandrino;PSD;GO;57;dep.dr.ismaelalexandrino@camara.leg.br;https://dadosabertos.camara.leg.br/api/v2/partidos/36834
196;204481;Dr. Jaziel;PL;CE;57;dep.dr.jaziel@camara.leg.br;https://dadosabertos.camara.leg.br/api/v2/partidos/37906
197;204351;Dr. Luiz Ovando;PP;MS;57;dep.dr.luizovando@camara.leg.br;https://dadosabertos.camara.leg.br/api/v2/partidos/37903
198;228616;Dr. Remy Soares;PP;MA;57;Não informado;https://dadosabertos.camara.leg.br/api/v2/partidos/37903
199;220528;Dr. Victor Linhalis;PODE;ES;57;dep.dr.victorlinhalis@camara.leg.br;https://dadosabertos.camara.leg.br/api/v2/partidos/36896
200;204412;Dr. Zacharias Calil;UNIÃO;GO;57;dep.dr.zachariascalil@camara.leg.br;https://dadosabertos.camara.leg.br/api/v2/partidos/38009
201;220674;Dra. Alessandra Haber;MDB;PA;57;dep.dra.alessandrahaber@camara.leg.br;https://dadosabertos.camara.leg.br/api/v2/partidos/36899
202;230088;Dra. Mayra Pinheiro;PL;CE;57;Não informado;https://dadosabertos.camara.leg.br/api/v2/partidos/37906
203;220686;Duarte;PSB;MA;57;dep.duartejr@camara.leg.br;https://dadosabertos.camara.leg.br/api/v2/partidos/36832
204;227800;Duarte Gonçalves Jr;PSC;MG;57;Não informado;https://dadosabertos.camara.leg.br/api/v2/partidos/37908
205;227800;Duarte Gonçalves Jr;PODE;MG;57;Não informado;https://dadosabertos.camara.leg.br/api/v2/partidos/37908
206;227800;Duarte Gonçalves Jr;REPUBLICANOS;MG;57;Não informado;https://dadosabertos.camara.leg.br/api/v2/partidos/37908
207;220686;Duarte Jr.;PSB;MA;57;dep.duartejr@camara.leg.br;https://dadosabertos.camara.leg.br/api/v2/partidos/36832
208;220540;Duda Ramos;MDB;RR;57;dep.dudaramos@camara.leg.br;https://dadosabertos.camara.leg.br/api/v2/partidos/36899
209;220623;Duda Salabert;PDT;MG;57;dep.dudasalabert@camara.leg.br;https://dadosabertos.camara.leg.br/api/v2/partidos/36786
210;204541;Eduardo Bismarck;PDT;CE;57;Não informado;https://dadosabertos.camara.leg.br/api/v2/partidos/36786
211;92346;Eduardo Bolsonaro;PL;SP;57;Não informado;https://dadosabertos.camara.leg.br/api/v2/partidos/37906
212;141421;Eduardo da Fonte;PP;PE;57;dep.eduardodafonte@camara.leg.br;https://dadosabertos.camara.leg.br/api/v2/partidos/37903
213;220589;Eduardo Velloso;UNIÃO;AC;57;dep.eduardovelloso@camara.leg.br;https://dadosabertos.camara.leg.br/api/v2/partidos/38009
214;74075;Elcione Barbalho;MDB;PA;57;dep.elcionebarbalho@camara.leg.br;https://dadosabertos.camara.leg.br/api/v2/partidos/36899
215;204364;Eli Borges;PL;TO;57;dep.eliborges@camara.leg.br;https://dadosabertos.camara.leg.br/api/v2/partidos/37906
216;226553;Eliane Braz;PSD;CE;57;Não informado;https://dadosabertos.camara.leg.br/api/v2/partidos/36834
217;229585;Elisangela Araujo;PT;BA;57;dep.elisangelaaraujo@camara.leg.br;https://dadosabertos.camara.leg.br/api/v2/partidos/36844
218;220008;Eliza Virgínia;PP;PB;57;Não informado;https://dadosabertos.camara.leg.br/api/v2/partidos/37903
219;234406;Elmano Férrer;PP;PI;57;Não informado;https://dadosabertos.camara.leg.br/api/v2/partidos/37903
220;178854;Elmar Nascimento;UNIÃO;BA;57;dep.elmarnascimento@camara.leg.br;https://dadosabertos.camara.leg.br/api/v2/partidos/38009
221;218086;Ely Santos;REPUBLICANOS;SP;57;dep.elysantos@camara.leg.br;https://dadosabertos.camara.leg.br/api/v2/partidos/37908
222;198783;Emanuel Pinheiro Neto;MDB;MT;57;dep.emanuelpinheironeto@camara.leg.br;https://dadosabertos.camara.leg.br/api/v2/partidos/36899
223;161550;Emidinho Madeira;PL;MG;57;dep.emidinhomadeira@camara.leg.br;https://dadosabertos.camara.leg.br/api/v2/partidos/37906
224;225730;Enfermeira Ana Paula;PDT;CE;57;dep.enfermeiraanapaula@camara.leg.br;https://dadosabertos.camara.leg.br/api/v2/partidos/36896
225;225730;Enfermeira Ana Paula;PODE;CE;57;dep.enfermeiraanapaula@camara.leg.br;https://dadosabertos.camara.leg.br/api/v2/partidos/36896
226;230765;Enfermeira Rejane;PCdoB;RJ;57;dep.enfermeirarejane@camara.leg.br;https://dadosabertos.camara.leg.br/api/v2/partidos/36779
227;132504;Enio Verri;PT;PR;57;Não informado;https://dadosabertos.camara.leg.br/api/v2/partidos/36844
228;220663;Eriberto Medeiros;PSB;PE;57;dep.eribertomedeiros@camara.leg.br;https://dadosabertos.camara.leg.br/api/v2/partidos/36832
229;220645;Erika Hilton;PSOL;SP;57;dep.erikahilton@camara.leg.br;https://dadosabertos.camara.leg.br/api/v2/partidos/36839
230;160575;Erika Kokay;PT;DF;57;dep.erikakokay@camara.leg.br;https://dadosabertos.camara.leg.br/api/v2/partidos/36844
231;160640;Eros Biondini;PL;MG;57;dep.erosbiondini@camara.leg.br;https://dadosabertos.camara.leg.br/api/v2/partidos/37906
232;204482;Euclydes Pettersen;PSC;MG;57;dep.euclydespettersen@camara.leg.br;https://dadosabertos.camara.leg.br/api/v2/partidos/37908
233;204482;Euclydes Pettersen;REPUBLICANOS;MG;57;dep.euclydespettersen@camara.leg.br;https://dadosabertos.camara.leg.br/api/v2/partidos/37908
234;74454;Eunício Oliveira;MDB;CE;57;dep.euniciooliveira@camara.leg.br;https://dadosabertos.camara.leg.br/api/v2/partidos/36899
235;178871;Evair Vieira de Melo;PP;ES;57;dep.evairvieirademelo@camara.leg.br;https://dadosabertos.camara.leg.br/api/v2/partidos/37903
236;234388;Fabiano Cazeca;PATRIOTA;MG;57;Não informado;https://dadosabertos.camara.leg.br/api/v2/partidos/38010
237;234388;Fabiano Cazeca;PRD;MG;57;Não informado;https://dadosabertos.camara.leg.br/api/v2/partidos/38010
238;178905;Fabio Garcia;UNIÃO;MT;57;Não informado;https://dadosabertos.camara.leg.br/api/v2/partidos/38009
239;68720;Fábio Henrique;UNIÃO;SE;57;Não informado;https://dadosabertos.camara.leg.br/api/v2/partidos/38009
240;220681;Fábio Macedo;PODE;MA;57;dep.fabiomacedo@camara.leg.br;https://dadosabertos.camara.leg.br/api/v2/partidos/36896
241;171623;Fabio Reis;PSD;SE;57;dep.fabioreis@camara.leg.br;https://dadosabertos.camara.leg.br/api/v2/partidos/36834
242;204368;Fabio Schiochet;UNIÃO;SC;57;dep.fabioschiochet@camara.leg.br;https://dadosabertos.camara.leg.br/api/v2/partidos/38009
243;220653;Fábio Teruel;MDB;SP;57;dep.fabioteruel@camara.leg.br;https://dadosabertos.camara.leg.br/api/v2/partidos/36899
244;74065;Fatima Pelaes;REPUBLICANOS;AP;57;dep.fatimapelaes@camara.leg.br;https://dadosabertos.camara.leg.br/api/v2/partidos/37908
245;220712;Fausto Jr.;UNIÃO;AM;57;dep.faustosantosjr@camara.leg.br;https://dadosabertos.camara.leg.br/api/v2/partidos/38009
246;66828;Fausto Pinato;PP;SP;57;dep.faustopinato@camara.leg.br;https://dadosabertos.camara.leg.br/api/v2/partidos/37903
247;220712;Fausto Santos Jr.;UNIÃO;AM;57;dep.faustosantosjr@camara.leg.br;https://dadosabertos.camara.leg.br/api/v2/partidos/38009
248;220646;Felipe Becari;UNIÃO;SP;57;dep.felipebecari@camara.leg.br;https://dadosabertos.camara.leg.br/api/v2/partidos/38009
249;72442;Felipe Carreras;PSB;PE;57;dep.felipecarreras@camara.leg.br;https://dadosabertos.camara.leg.br/api/v2/partidos/36832
250;204398;Felipe Francischini;UNIÃO;PR;57;dep.felipefrancischini@camara.leg.br;https://dadosabertos.camara.leg.br/api/v2/partidos/38009
251;227370;Felipe Saliba;PATRIOTA;MG;57;Não informado;https://dadosabertos.camara.leg.br/api/v2/partidos/38010
252;227370;Felipe Saliba;PRD;MG;57;Não informado;https://dadosabertos.camara.leg.br/api/v2/partidos/38010
253;160666;Félix Mendonça Júnior;PDT;BA;57;dep.felixmendoncajunior@camara.leg.br;https://dadosabertos.camara.leg.br/api/v2/partidos/36786
254;204407;Fernanda Melchionna;PSOL;RS;57;dep.fernandamelchionna@camara.leg.br;https://dadosabertos.camara.leg.br/api/v2/partidos/36839
255;220656;Fernanda Pessoa;UNIÃO;CE;57;Não informado;https://dadosabertos.camara.leg.br/api/v2/partidos/38009
256;141431;Fernando Coelho Filho;UNIÃO;PE;57;dep.fernandocoelhofilho@camara.leg.br;https://dadosabertos.camara.leg.br/api/v2/partidos/38009
257;204445;Fernando Mineiro;PT;RN;57;dep.fernandomineiro@camara.leg.br;https://dadosabertos.camara.leg.br/api/v2/partidos/36844
258;92699;Fernando Monteiro;PP;PE;57;dep.fernandomonteiro@camara.leg.br;https://dadosabertos.camara.leg.br/api/v2/partidos/36834
259;92699;Fernando Monteiro;REPUBLICANOS;PE;57;dep.fernandomonteiro@camara.leg.br;https://dadosabertos.camara.leg.br/api/v2/partidos/36834
260;92699;Fernando Monteiro;PSD;PE;57;dep.fernandomonteiro@camara.leg.br;https://dadosabertos.camara.leg.br/api/v2/partidos/36834
261;204427;Fernando Rodolfo;PL;PE;57;dep.fernandorodolfo@camara.leg.br;https://dadosabertos.camara.leg.br/api/v2/partidos/37906
262;204411;Filipe Barros;PL;PR;57;dep.filipebarros@camara.leg.br;https://dadosabertos.camara.leg.br/api/v2/partidos/37906
263;220545;Filipe Martins;PL;TO;57;dep.filipemartins@camara.leg.br;https://dadosabertos.camara.leg.br/api/v2/partidos/37906
264;160598;Flávia Morais;PDT;GO;57;dep.flaviamorais@camara.leg.br;https://dadosabertos.camara.leg.br/api/v2/partidos/36786
265;225727;Flavinha;MDB;MT;57;Não informado;https://dadosabertos.camara.leg.br/api/v2/partidos/36899
266;191923;Flávio Nogueira;PT;PI;57;dep.flavionogueira@camara.leg.br;https://dadosabertos.camara.leg.br/api/v2/partidos/36844
267;220700;Florentino Neto;PT;PI;57;dep.florentinoneto@camara.leg.br;https://dadosabertos.camara.leg.br/api/v2/partidos/36844
268;220551;Franciane Bayer;REPUBLICANOS;RS;57;dep.francianebayer@camara.leg.br;https://dadosabertos.camara.leg.br/api/v2/partidos/37908
269;204494;Fred Costa;PATRIOTA;MG;57;dep.fredcosta@camara.leg.br;https://dadosabertos.camara.leg.br/api/v2/partidos/38010
270;204494;Fred Costa;PRD;MG;57;dep.fredcosta@camara.leg.br;https://dadosabertos.camara.leg.br/api/v2/partidos/38010
271;220534;Fred Linhares;REPUBLICANOS;DF;57;dep.fredlinhares@camara.leg.br;https://dadosabertos.camara.leg.br/api/v2/partidos/37908
272;224117;Gabriel Mota;REPUBLICANOS;RR;57;dep.gabrielmota@camara.leg.br;https://dadosabertos.camara.leg.br/api/v2/partidos/37908
273;220708;Gabriel Nunes;PSD;BA;57;dep.gabrielnunes@camara.leg.br;https://dadosabertos.camara.leg.br/api/v2/partidos/36834
274;204473;General Girão;PL;RN;57;dep.generalgirao@camara.leg.br;https://dadosabertos.camara.leg.br/api/v2/partidos/37906
275;220611;General Pazuello;PL;RJ;57;dep.generalpazuello@camara.leg.br;https://dadosabertos.camara.leg.br/api/v2/partidos/37906
276;178966;Geovania de Sá;PSDB;SC;57;dep.geovaniadesa@camara.leg.br;https://dadosabertos.camara.leg.br/api/v2/partidos/36835
277;220702;Geraldo Mendes;UNIÃO;PR;57;dep.geraldomendes@camara.leg.br;https://dadosabertos.camara.leg.br/api/v2/partidos/38009
278;74374;Geraldo Resende;PSDB;MS;57;dep.geraldoresende@camara.leg.br;https://dadosabertos.camara.leg.br/api/v2/partidos/36835
279;220587;Gerlen Diniz;PP;AC;57;Não informado;https://dadosabertos.camara.leg.br/api/v2/partidos/37903
280;204394;Gervásio Maia;PSB;PB;57;dep.gervasiomaia@camara.leg.br;https://dadosabertos.camara.leg.br/api/v2/partidos/36832
281;74383;Giacobo;PL;PR;57;dep.giacobo@camara.leg.br;https://dadosabertos.camara.leg.br/api/v2/partidos/37906
282;204491;Gilberto Abramo;REPUBLICANOS;MG;57;dep.gilbertoabramo@camara.leg.br;https://dadosabertos.camara.leg.br/api/v2/partidos/37908
283;74270;Gilberto Nascimento;PSC;SP;57;dep.gilbertonascimento@camara.leg.br;https://dadosabertos.camara.leg.br/api/v2/partidos/36834
284;74270;Gilberto Nascimento;PSD;SP;57;dep.gilbertonascimento@camara.leg.br;https://dadosabertos.camara.leg.br/api/v2/partidos/36834
285;220529;Gilson Daniel;PODE;ES;57;dep.gilsondaniel@camara.leg.br;https://dadosabertos.camara.leg.br/api/v2/partidos/36896
286;204365;Gilson Marques;NOVO;SC;57;dep.gilsonmarques@camara.leg.br;https://dadosabertos.camara.leg.br/api/v2/partidos/37901
287;220526;Gilvan da Federal;PL;ES;57;dep.gilvandafederal@camara.leg.br;https://dadosabertos.camara.leg.br/api/v2/partidos/37906
288;220531;Gilvan Maximo;REPUBLICANOS;DF;57;Não informado;https://dadosabertos.camara.leg.br/api/v2/partidos/37908
289;160673;Giovani Cherini;PL;RS;57;dep.giovanicherini@camara.leg.br;https://dadosabertos.camara.leg.br/api/v2/partidos/37906
290;226179;Gisela Simona;UNIÃO;MT;57;dep.giselasimona@camara.leg.br;https://dadosabertos.camara.leg.br/api/v2/partidos/38009
291;152605;Glauber Braga;PSOL;RJ;57;Não informado;https://dadosabertos.camara.leg.br/api/v2/partidos/36839
292;229333;Gláucia Santiago;PL;MG;57;Não informado;https://dadosabertos.camara.leg.br/api/v2/partidos/37906
293;204419;Glaustin da Fokus;PSC;GO;57;dep.glaustindafokus@camara.leg.br;https://dadosabertos.camara.leg.br/api/v2/partidos/36896
294;204419;Glaustin da Fokus;PODE;GO;57;dep.glaustindafokus@camara.leg.br;https://dadosabertos.camara.leg.br/api/v2/partidos/36896
295;107283;Gleisi Hoffmann;PT;PR;57;Não informado;https://dadosabertos.camara.leg.br/api/v2/partidos/36844
296;129618;Gorete Pereira;PL;CE;57;dep.goretepereira@camara.leg.br;https://dadosabertos.camara.leg.br/api/v2/partidos/36899
297;129618;Gorete Pereira;MDB;CE;57;dep.goretepereira@camara.leg.br;https://dadosabertos.camara.leg.br/api/v2/partidos/36899
298;198197;Greyce Elias;AVANTE;MG;57;dep.greyceelias@camara.leg.br;https://dadosabertos.camara.leg.br/api/v2/partidos/36898
299;220639;Guilherme Boulos;PSOL;SP;57;Não informado;https://dadosabertos.camara.leg.br/api/v2/partidos/36839
300;204531;Guilherme Derrite;PL;SP;57;dep.guilhermederrite@camara.leg.br;https://dadosabertos.camara.leg.br/api/v2/partidos/37903
301;204531;Guilherme Derrite;PP;SP;57;dep.guilhermederrite@camara.leg.br;https://dadosabertos.camara.leg.br/api/v2/partidos/37903
302;220664;Guilherme Uchoa;PSB;PE;57;dep.guilhermeuchoa@camara.leg.br;https://dadosabertos.camara.leg.br/api/v2/partidos/36832
303;220568;Gustavo Gayer;PL;GO;57;dep.gustavogayer@camara.leg.br;https://dadosabertos.camara.leg.br/api/v2/partidos/37906
304;204408;Gustinho Ribeiro;REPUBLICANOS;SE;57;dep.gustinhoribeiro@camara.leg.br;https://dadosabertos.camara.leg.br/api/v2/partidos/37908
305;204456;Gutemberg Reis;MDB;RJ;57;dep.gutembergreis@camara.leg.br;https://dadosabertos.camara.leg.br/api/v2/partidos/36899
306;178964;Heitor Schuch;PSB;RS;57;dep.heitorschuch@camara.leg.br;https://dadosabertos.camara.leg.br/api/v2/partidos/36832
307;178873;Helder Salomão;PT;ES;57;dep.heldersalomao@camara.leg.br;https://dadosabertos.camara.leg.br/api/v2/partidos/36844
308;220537;Helena Lima;MDB;RR;57;dep.helenalima@camara.leg.br;https://dadosabertos.camara.leg.br/api/v2/partidos/36899
309;178909;Hélio Leite;UNIÃO;PA;57;Não informado;https://dadosabertos.camara.leg.br/api/v2/partidos/38009
310;204444;Helio Lopes;PL;RJ;57;dep.heliolopes@camara.leg.br;https://dadosabertos.camara.leg.br/api/v2/partidos/37906
311;234788;Heloísa Helena;REDE;RJ;57;dep.heloisahelena@camara.leg.br;https://dadosabertos.camara.leg.br/api/v2/partidos/36886
312;220672;Henderson Pinto;MDB;PA;57;dep.hendersonpinto@camara.leg.br;https://dadosabertos.camara.leg.br/api/v2/partidos/36899
313;227324;Henrique Júnior;PL;MA;57;Não informado;https://dadosabertos.camara.leg.br/api/v2/partidos/37906
314;204539;Hercílio Coelho Diniz;MDB;MG;57;dep.herciliocoelhodiniz@camara.leg.br;https://dadosabertos.camara.leg.br/api/v2/partidos/36899
315;100689;Hildo do Candango;REPUBLICANOS;GO;57;Não informado;https://dadosabertos.camara.leg.br/api/v2/partidos/37908
316;178884;Hildo Rocha;MDB;MA;57;dep.hildorocha@camara.leg.br;https://dadosabertos.camara.leg.br/api/v2/partidos/36899
317;141450;Hugo Leal;PSD;RJ;57;dep.hugoleal@camara.leg.br;https://dadosabertos.camara.leg.br/api/v2/partidos/36834
318;160674;Hugo Motta;REPUBLICANOS;PB;57;dep.hugomotta@camara.leg.br;https://dadosabertos.camara.leg.br/api/v2/partidos/37908
319;220563;Icaro de Valmir;PL;SE;57;dep.icarodevalmir@camara.leg.br;https://dadosabertos.camara.leg.br/api/v2/partidos/37906
320;204533;Idilvan Alencar;PDT;CE;57;Não informado;https://dadosabertos.camara.leg.br/api/v2/partidos/36786
321;204508;Igor Timo;PODE;MG;57;dep.igortimo@camara.leg.br;https://dadosabertos.camara.leg.br/api/v2/partidos/36834
322;204508;Igor Timo;PSD;MG;57;dep.igortimo@camara.leg.br;https://dadosabertos.camara.leg.br/api/v2/partidos/36834
323;98615;Ismael;PSD;SC;57;dep.ismael@camara.leg.br;https://dadosabertos.camara.leg.br/api/v2/partidos/36834
324;220570;Ismael Alexandrino;PSD;GO;57;dep.dr.ismaelalexandrino@camara.leg.br;https://dadosabertos.camara.leg.br/api/v2/partidos/36834
325;204436;Isnaldo Bulhões Jr.;MDB;AL;57;dep.isnaldobulhoesjr@camara.leg.br;https://dadosabertos.camara.leg.br/api/v2/partidos/36899
326;230764;Ivan Junior;UNIÃO;MA;57;Não informado;https://dadosabertos.camara.leg.br/api/v2/partidos/38009
327;73531;Ivan Valente;PSOL;SP;57;dep.ivanvalente@camara.leg.br;https://dadosabertos.camara.leg.br/api/v2/partidos/36839
328;220696;Ivoneide Caetano;PT;BA;57;dep.ivoneidecaetano@camara.leg.br;https://dadosabertos.camara.leg.br/api/v2/partidos/36844
329;220670;Iza Arruda;MDB;PE;57;dep.izaarruda@camara.leg.br;https://dadosabertos.camara.leg.br/api/v2/partidos/36899
330;220527;Jack Rocha;PT;ES;57;dep.jackrocha@camara.leg.br;https://dadosabertos.camara.leg.br/api/v2/partidos/36844
331;220697;Jadyel Alencar;PV;PI;57;dep.jadyelalencar@camara.leg.br;https://dadosabertos.camara.leg.br/api/v2/partidos/37908
332;220697;Jadyel Alencar;REPUBLICANOS;PI;57;dep.jadyelalencar@camara.leg.br;https://dadosabertos.camara.leg.br/api/v2/partidos/37908
333;74848;Jandira Feghali;PCdoB;RJ;57;dep.jandirafeghali@camara.leg.br;https://dadosabertos.camara.leg.br/api/v2/partidos/36779
334;220567;Jeferson Rodrigues;REPUBLICANOS;GO;57;dep.jefersonrodrigues@camara.leg.br;https://dadosabertos.camara.leg.br/api/v2/partidos/37908
335;74273;Jefferson Campos;PL;SP;57;dep.jeffersoncampos@camara.leg.br;https://dadosabertos.camara.leg.br/api/v2/partidos/37906
336;160531;Jhonatan de Jesus;REPUBLICANOS;RR;57;Não informado;https://dadosabertos.camara.leg.br/api/v2/partidos/37908
337;141456;Jilmar Tatto;PT;SP;57;dep.jilmartatto@camara.leg.br;https://dadosabertos.camara.leg.br/api/v2/partidos/36844
338;141458;João Carlos Bacelar;PL;BA;57;dep.joaocarlosbacelar@camara.leg.br;https://dadosabertos.camara.leg.br/api/v2/partidos/37906
339;230957;João Cury;MDB;SP;57;dep.joaocury@camara.leg.br;https://dadosabertos.camara.leg.br/api/v2/partidos/36899
340;178970;João Daniel;PT;SE;57;dep.joaodaniel@camara.leg.br;https://dadosabertos.camara.leg.br/api/v2/partidos/36844
341;74550;João Leão;PP;BA;57;dep.joaoleao@camara.leg.br;https://dadosabertos.camara.leg.br/api/v2/partidos/37903
342;141459;João Maia;PL;RN;57;dep.joaomaia@camara.leg.br;https://dadosabertos.camara.leg.br/api/v2/partidos/37903
343;141459;João Maia;PP;RN;57;dep.joaomaia@camara.leg.br;https://dadosabertos.camara.leg.br/api/v2/partidos/37903
344;178910;Joaquim Passarinho;PL;PA;57;dep.joaquimpassarinho@camara.leg.br;https://dadosabertos.camara.leg.br/api/v2/partidos/37906
345;160548;Jonas Donizette;PSB;SP;57;dep.jonasdonizette@camara.leg.br;https://dadosabertos.camara.leg.br/api/v2/partidos/36832
346;217480;Jones Moura;PSD;RJ;57;Não informado;https://dadosabertos.camara.leg.br/api/v2/partidos/36834
347;205550;Jorge Braz;REPUBLICANOS;RJ;57;dep.jorgebraz@camara.leg.br;https://dadosabertos.camara.leg.br/api/v2/partidos/37908
348;214694;Jorge Goetten;PL;SC;57;dep.jorgegoetten@camara.leg.br;https://dadosabertos.camara.leg.br/api/v2/partidos/37908
349;214694;Jorge Goetten;REPUBLICANOS;SC;57;dep.jorgegoetten@camara.leg.br;https://dadosabertos.camara.leg.br/api/v2/partidos/37908
350;178857;Jorge Solla;PT;BA;57;dep.jorgesolla@camara.leg.br;https://dadosabertos.camara.leg.br/api/v2/partidos/36844
351;141464;José Airton Félix Cirilo;PT;CE;57;dep.joseairtonfelixcirilo@camara.leg.br;https://dadosabertos.camara.leg.br/api/v2/partidos/36844
352;141470;José Guimarães;PT;CE;57;dep.joseguimaraes@camara.leg.br;https://dadosabertos.camara.leg.br/api/v2/partidos/36844
353;204472;José Medeiros;PL;MT;57;dep.josemedeiros@camara.leg.br;https://dadosabertos.camara.leg.br/api/v2/partidos/37906
354;204391;José Nelto;PP;GO;57;dep.josenelto@camara.leg.br;https://dadosabertos.camara.leg.br/api/v2/partidos/38009
355;204391;José Nelto;UNIÃO;GO;57;dep.josenelto@camara.leg.br;https://dadosabertos.camara.leg.br/api/v2/partidos/38009
356;74079;José Priante;MDB;PA;57;dep.josepriante@camara.leg.br;https://dadosabertos.camara.leg.br/api/v2/partidos/36899
357;74554;José Rocha;UNIÃO;BA;57;dep.joserocha@camara.leg.br;https://dadosabertos.camara.leg.br/api/v2/partidos/38009
358;209189;Joseildo Ramos;PT;BA;57;dep.joseildoramos@camara.leg.br;https://dadosabertos.camara.leg.br/api/v2/partidos/36844
359;220578;Josenildo;PDT;AP;57;dep.josenildo@camara.leg.br;https://dadosabertos.camara.leg.br/api/v2/partidos/36786
360;74141;Josias Gomes;PT;BA;57;Não informado;https://dadosabertos.camara.leg.br/api/v2/partidos/36844
361;204563;Josimar Maranhãozinho;PL;MA;57;Não informado;https://dadosabertos.camara.leg.br/api/v2/partidos/37906
362;215043;Josivaldo JP;PSD;MA;57;dep.josivaldojp@camara.leg.br;https://dadosabertos.camara.leg.br/api/v2/partidos/36834
363;204474;Juarez Costa;MDB;MT;57;dep.juarezcosta@camara.leg.br;https://dadosabertos.camara.leg.br/api/v2/partidos/36899
364;220559;Julia Zanatta;PL;SC;57;dep.juliazanatta@camara.leg.br;https://dadosabertos.camara.leg.br/api/v2/partidos/37906
365;220640;Juliana Cardoso;PT;SP;57;dep.julianacardoso@camara.leg.br;https://dadosabertos.camara.leg.br/api/v2/partidos/36844
366;228837;Juliana Kolankiewicz;MDB;MT;57;Não informado;https://dadosabertos.camara.leg.br/api/v2/partidos/36899
367;66385;Julio Arcoverde;PP;PI;57;dep.julioarcoverde@camara.leg.br;https://dadosabertos.camara.leg.br/api/v2/partidos/37903
368;74317;Júlio Cesar;PSD;PI;57;dep.juliocesar@camara.leg.br;https://dadosabertos.camara.leg.br/api/v2/partidos/36834
369;204372;Julio Cesar Ribeiro;REPUBLICANOS;DF;57;dep.juliocesarribeiro@camara.leg.br;https://dadosabertos.camara.leg.br/api/v2/partidos/37908
370;74253;Julio Lopes;PP;RJ;57;dep.juliolopes@camara.leg.br;https://dadosabertos.camara.leg.br/api/v2/partidos/37903
371;228797;Júlio Oliveira;PP;TO;57;Não informado;https://dadosabertos.camara.leg.br/api/v2/partidos/37903
372;204457;Juninho do Pneu;UNIÃO;RJ;57;dep.juninhodopneu@camara.leg.br;https://dadosabertos.camara.leg.br/api/v2/partidos/38009
373;204520;Junio Amaral;PL;MG;57;dep.junioamaral@camara.leg.br;https://dadosabertos.camara.leg.br/api/v2/partidos/37906
374;204497;Júnior Ferrari;PSD;PA;57;dep.juniorferrari@camara.leg.br;https://dadosabertos.camara.leg.br/api/v2/partidos/36834
375;204574;Junior Lourenço;PL;MA;57;dep.juniorlourenco@camara.leg.br;https://dadosabertos.camara.leg.br/api/v2/partidos/37906
376;204550;Júnior Mano;PL;CE;57;dep.juniormano@camara.leg.br;https://dadosabertos.camara.leg.br/api/v2/partidos/36832
377;204550;Júnior Mano;PSB;CE;57;dep.juniormano@camara.leg.br;https://dadosabertos.camara.leg.br/api/v2/partidos/36832
378;178886;Juscelino Filho;UNIÃO;MA;57;dep.juscelinofilho@camara.leg.br;https://dadosabertos.camara.leg.br/api/v2/partidos/38009
379;208297;Katia Dias;PSC;MG;57;Não informado;https://dadosabertos.camara.leg.br/api/v2/partidos/37908
380;208297;Katia Dias;PODE;MG;57;Não informado;https://dadosabertos.camara.leg.br/api/v2/partidos/37908
381;208297;Katia Dias;REPUBLICANOS;MG;57;Não informado;https://dadosabertos.camara.leg.br/api/v2/partidos/37908
382;220677;Keniston Braga;MDB;PA;57;dep.kenistonbraga@camara.leg.br;https://dadosabertos.camara.leg.br/api/v2/partidos/36899
383;162067;Kiko Celeguim;PT;SP;57;dep.kikoceleguim@camara.leg.br;https://dadosabertos.camara.leg.br/api/v2/partidos/36844
384;204536;Kim Kataguiri;UNIÃO;SP;57;dep.kimkataguiri@camara.leg.br;https://dadosabertos.camara.leg.br/api/v2/partidos/38011
385;204536;Kim Kataguiri;MISSÃO;SP;57;dep.kimkataguiri@camara.leg.br;https://dadosabertos.camara.leg.br/api/v2/partidos/38011
386;98057;Lafayette de Andrada;REPUBLICANOS;MG;57;dep.lafayettedeandrada@camara.leg.br;https://dadosabertos.camara.leg.br/api/v2/partidos/37908
387;74856;Laura Carneiro;PSD;RJ;57;dep.lauracarneiro@camara.leg.br;https://dadosabertos.camara.leg.br/api/v2/partidos/36834
388;141480;Lázaro Botelho;PP;TO;57;Não informado;https://dadosabertos.camara.leg.br/api/v2/partidos/37903
389;178832;Leandre;PSD;PR;57;Não informado;https://dadosabertos.camara.leg.br/api/v2/partidos/36834
390;220600;Lebrão;UNIÃO;RO;57;Não informado;https://dadosabertos.camara.leg.br/api/v2/partidos/38009
391;220566;Lêda Borges;PSDB;GO;57;dep.ledaborges@camara.leg.br;https://dadosabertos.camara.leg.br/api/v2/partidos/36835
392;231911;Lenir de Assis;PT;PR;57;dep.lenirdeassis@camara.leg.br;https://dadosabertos.camara.leg.br/api/v2/partidos/36844
393;80815;Leo Prates;PDT;BA;57;dep.leoprates@camara.leg.br;https://dadosabertos.camara.leg.br/api/v2/partidos/36786
394;122195;Leonardo Gadelha;PSC;PB;57;Não informado;https://dadosabertos.camara.leg.br/api/v2/partidos/36896
395;122195;Leonardo Gadelha;PODE;PB;57;Não informado;https://dadosabertos.camara.leg.br/api/v2/partidos/36896
396;74156;Leonardo Monteiro;PT;MG;57;dep.leonardomonteiro@camara.leg.br;https://dadosabertos.camara.leg.br/api/v2/partidos/36844
397;74299;Leônidas Cristino;PDT;CE;57;dep.leonidascristino@camara.leg.br;https://dadosabertos.camara.leg.br/api/v2/partidos/36786
398;92102;Leur Lomanto Júnior;UNIÃO;BA;57;dep.leurlomantojunior@camara.leg.br;https://dadosabertos.camara.leg.br/api/v2/partidos/38009
399;139285;Lídice da Mata;PSB;BA;57;dep.lidicedamata@camara.leg.br;https://dadosabertos.camara.leg.br/api/v2/partidos/36832
400;74585;Lincoln Portela;PL;MG;57;dep.lincolnportela@camara.leg.br;https://dadosabertos.camara.leg.br/api/v2/partidos/37906
401;74858;Lindbergh Farias;PT;RJ;57;dep.lindberghfarias@camara.leg.br;https://dadosabertos.camara.leg.br/api/v2/partidos/36844
402;171139;Loreny;SOLIDARIEDADE;SP;57;Não informado;https://dadosabertos.camara.leg.br/api/v2/partidos/37904
403;234253;Lucas Abrahao;REDE;AP;57;dep.lucasabrahao@camara.leg.br;https://dadosabertos.camara.leg.br/api/v2/partidos/36886
404;220662;Lucas Ramos;PSB;PE;57;dep.lucasramos@camara.leg.br;https://dadosabertos.camara.leg.br/api/v2/partidos/36832
405;204404;Lucas Redecker;PSDB;RS;57;dep.lucasredecker@camara.leg.br;https://dadosabertos.camara.leg.br/api/v2/partidos/36835
406;138286;Luciano Alves;PSD;PR;57;dep.lucianoalves@camara.leg.br;https://dadosabertos.camara.leg.br/api/v2/partidos/36834
407;220581;Luciano Amaral;PV;AL;57;dep.lucianoamaral@camara.leg.br;https://dadosabertos.camara.leg.br/api/v2/partidos/36834
408;220581;Luciano Amaral;PSD;AL;57;dep.lucianoamaral@camara.leg.br;https://dadosabertos.camara.leg.br/api/v2/partidos/36834
409;103758;Luciano Azevedo;PSD;RS;57;Não informado;https://dadosabertos.camara.leg.br/api/v2/partidos/36834
410;74478;Luciano Bivar;UNIÃO;PE;57;dep.lucianobivar@camara.leg.br;https://dadosabertos.camara.leg.br/api/v2/partidos/38009
411;178931;Luciano Ducci;PSB;PR;57;dep.lucianoducci@camara.leg.br;https://dadosabertos.camara.leg.br/api/v2/partidos/36832
412;227323;Luciano Galego;PL;MA;57;Não informado;https://dadosabertos.camara.leg.br/api/v2/partidos/37906
413;220616;Luciano Vieira;PL;RJ;57;dep.lucianovieira@camara.leg.br;https://dadosabertos.camara.leg.br/api/v2/partidos/36835
414;220616;Luciano Vieira;REPUBLICANOS;RJ;57;dep.lucianovieira@camara.leg.br;https://dadosabertos.camara.leg.br/api/v2/partidos/36835
415;220616;Luciano Vieira;PSDB;RJ;57;dep.lucianovieira@camara.leg.br;https://dadosabertos.camara.leg.br/api/v2/partidos/36835
416;178954;Lucio Mosquini;MDB;RO;57;dep.luciomosquini@camara.leg.br;https://dadosabertos.camara.leg.br/api/v2/partidos/36899
417;229082;Lucyana Genésio;PDT;MA;57;Não informado;https://dadosabertos.camara.leg.br/api/v2/partidos/36786
418;222429;Luis Carlos Gomes;REPUBLICANOS;RJ;57;dep.luiscarlosgomes@camara.leg.br;https://dadosabertos.camara.leg.br/api/v2/partidos/37908
419;160510;Luis Tibé;AVANTE;MG;57;dep.luistibe@camara.leg.br;https://dadosabertos.camara.leg.br/api/v2/partidos/36898
420;204410;Luisa Canziani;PSD;PR;57;dep.luisacanziani@camara.leg.br;https://dadosabertos.camara.leg.br/api/v2/partidos/36834
421;204448;Luiz Antonio Corrêa;PP;RJ;57;Não informado;https://dadosabertos.camara.leg.br/api/v2/partidos/37903
422;141485;Luiz Carlos Busato;UNIÃO;RS;57;dep.luizcarlosbusato@camara.leg.br;https://dadosabertos.camara.leg.br/api/v2/partidos/38009
423;73778;Luiz Carlos Hauly;PODE;PR;57;dep.luizcarloshauly@camara.leg.br;https://dadosabertos.camara.leg.br/api/v2/partidos/36896
424;204485;Luiz Carlos Motta;PL;SP;57;dep.luizcarlosmotta@camara.leg.br;https://dadosabertos.camara.leg.br/api/v2/partidos/37906
425;74041;Luiz Couto;PT;PB;57;dep.luizcouto@camara.leg.br;https://dadosabertos.camara.leg.br/api/v2/partidos/36844
426;141487;Luiz Fernando Faria;PSD;MG;57;dep.luizfernandofaria@camara.leg.br;https://dadosabertos.camara.leg.br/api/v2/partidos/36834
427;229432;Luiz Fernando Vampiro;MDB;SC;57;Não informado;https://dadosabertos.camara.leg.br/api/v2/partidos/36899
428;220658;Luiz Gastão;PSD;CE;57;dep.luizgastao@camara.leg.br;https://dadosabertos.camara.leg.br/api/v2/partidos/36834
429;204455;Luiz Lima;PL;RJ;57;dep.luizlima@camara.leg.br;https://dadosabertos.camara.leg.br/api/v2/partidos/37901
430;204455;Luiz Lima;NOVO;RJ;57;dep.luizlima@camara.leg.br;https://dadosabertos.camara.leg.br/api/v2/partidos/37901
431;220636;Luiz Marinho;PT;SP;57;Não informado;https://dadosabertos.camara.leg.br/api/v2/partidos/36844
432;162332;Luiz Nishimori;PSD;PR;57;dep.luiznishimori@camara.leg.br;https://dadosabertos.camara.leg.br/api/v2/partidos/36834
433;204526;Luiz Philippe de Orleans e Bragança;PL;SP;57;dep.luizphilippedeorleansebraganca@camara.leg.br;https://dadosabertos.camara.leg.br/api/v2/partidos/37906
434;74784;Luiza Erundina;PSOL;SP;57;dep.luizaerundina@camara.leg.br;https://dadosabertos.camara.leg.br/api/v2/partidos/36839
435;178866;Luizianne Lins;PT;CE;57;dep.luiziannelins@camara.leg.br;https://dadosabertos.camara.leg.br/api/v2/partidos/36844
436;220669;Lula da Fonte;PP;PE;57;dep.luladafonte@camara.leg.br;https://dadosabertos.camara.leg.br/api/v2/partidos/37903
437;166402;Magda Mofatto;PL;GO;57;dep.magdamofatto@camara.leg.br;https://dadosabertos.camara.leg.br/api/v2/partidos/37906
438;166402;Magda Mofatto;PATRIOTA;GO;57;dep.magdamofatto@camara.leg.br;https://dadosabertos.camara.leg.br/api/v2/partidos/37906
439;166402;Magda Mofatto;PRD;GO;57;dep.magdamofatto@camara.leg.br;https://dadosabertos.camara.leg.br/api/v2/partidos/37906
440;166402;Magda Mofatto;PL;GO;57;dep.magdamofatto@camara.leg.br;https://dadosabertos.camara.leg.br/api/v2/partidos/37906
441;220648;Marangoni;UNIÃO;SP;57;dep.marangoni@camara.leg.br;https://dadosabertos.camara.leg.br/api/v2/partidos/38009
442;156190;Marcel van Hattem;NOVO;RS;57;dep.marcelvanhattem@camara.leg.br;https://dadosabertos.camara.leg.br/api/v2/partidos/37901
443;179000;Marcelo Álvaro Antônio;PL;MG;57;dep.marceloalvaroantonio@camara.leg.br;https://dadosabertos.camara.leg.br/api/v2/partidos/37906
444;204433;Marcelo Calero;PSD;RJ;57;Não informado;https://dadosabertos.camara.leg.br/api/v2/partidos/36834
445;220599;Marcelo Crivella;REPUBLICANOS;RJ;57;dep.marcelocrivella@camara.leg.br;https://dadosabertos.camara.leg.br/api/v2/partidos/37908
446;220634;Marcelo Lima;SOLIDARIEDADE;SP;57;Não informado;https://dadosabertos.camara.leg.br/api/v2/partidos/36832
447;220634;Marcelo Lima;S.PART.;SP;57;Não informado;https://dadosabertos.camara.leg.br/api/v2/partidos/36832
448;220634;Marcelo Lima;PSB;SP;57;Não informado;https://dadosabertos.camara.leg.br/api/v2/partidos/36832
449;133810;Marcelo Moraes;PL;RS;57;dep.marcelomoraes@camara.leg.br;https://dadosabertos.camara.leg.br/api/v2/partidos/37906
450;160161;Marcelo Queiroz;PP;RJ;57;dep.marceloqueiroz@camara.leg.br;https://dadosabertos.camara.leg.br/api/v2/partidos/36835
451;160161;Marcelo Queiroz;PSDB;RJ;57;dep.marceloqueiroz@camara.leg.br;https://dadosabertos.camara.leg.br/api/v2/partidos/36835
452;178983;Marcio Alvino;PL;SP;57;dep.marcioalvino@camara.leg.br;https://dadosabertos.camara.leg.br/api/v2/partidos/37906
453;179001;Márcio Biolchi;MDB;RS;57;dep.marciobiolchi@camara.leg.br;https://dadosabertos.camara.leg.br/api/v2/partidos/36899
454;226410;Márcio Correa;MDB;GO;57;Não informado;https://dadosabertos.camara.leg.br/api/v2/partidos/36899
455;220687;Márcio Honaiser;PDT;MA;57;dep.marciohonaiser@camara.leg.br;https://dadosabertos.camara.leg.br/api/v2/partidos/36786
456;81055;Márcio Jerry;PCdoB;MA;57;dep.marciojerry@camara.leg.br;https://dadosabertos.camara.leg.br/api/v2/partidos/36779
457;150418;Márcio Marinho;REPUBLICANOS;BA;57;dep.marciomarinho@camara.leg.br;https://dadosabertos.camara.leg.br/api/v2/partidos/37908
458;204522;Marco Bertaiolli;PSD;SP;57;Não informado;https://dadosabertos.camara.leg.br/api/v2/partidos/36834
459;219585;Marco Brasil;PP;PR;57;Não informado;https://dadosabertos.camara.leg.br/api/v2/partidos/37903
460;160535;Marcon;PT;RS;57;dep.marcon@camara.leg.br;https://dadosabertos.camara.leg.br/api/v2/partidos/36844
461;204431;Marcos Aurélio Sampaio;PSD;PI;57;dep.marcosaureliosampaio@camara.leg.br;https://dadosabertos.camara.leg.br/api/v2/partidos/36834
462;204506;Marcos Pereira;REPUBLICANOS;SP;57;dep.marcospereira@camara.leg.br;https://dadosabertos.camara.leg.br/api/v2/partidos/37908
463;220547;Marcos Pollon;PL;MS;57;dep.marcospollon@camara.leg.br;https://dadosabertos.camara.leg.br/api/v2/partidos/37906
464;178943;Marcos Soares;UNIÃO;RJ;57;dep.marcossoares@camara.leg.br;https://dadosabertos.camara.leg.br/api/v2/partidos/38009
465;220604;Marcos Tavares;PDT;RJ;57;dep.marcostavares@camara.leg.br;https://dadosabertos.camara.leg.br/api/v2/partidos/36786
466;220668;Maria Arraes;SOLIDARIEDADE;PE;57;dep.mariaarraes@camara.leg.br;https://dadosabertos.camara.leg.br/api/v2/partidos/37904
467;74398;Maria do Rosário;PT;RS;57;dep.mariadorosario@camara.leg.br;https://dadosabertos.camara.leg.br/api/v2/partidos/36844
468;204540;Maria Rosas;REPUBLICANOS;SP;57;dep.mariarosas@camara.leg.br;https://dadosabertos.camara.leg.br/api/v2/partidos/37908
469;227275;Mariana Carvalho;PSC;MA;57;Não informado;https://dadosabertos.camara.leg.br/api/v2/partidos/37908
470;227275;Mariana Carvalho;PODE;MA;57;Não informado;https://dadosabertos.camara.leg.br/api/v2/partidos/37908
471;227275;Mariana Carvalho;REPUBLICANOS;MA;57;Não informado;https://dadosabertos.camara.leg.br/api/v2/partidos/37908
472;220637;Marina Silva;REDE;SP;57;Não informado;https://dadosabertos.camara.leg.br/api/v2/partidos/36886
473;220655;Mario Frias;PL;SP;57;dep.mariofrias@camara.leg.br;https://dadosabertos.camara.leg.br/api/v2/partidos/37906
474;74158;Mário Heringer;PDT;MG;57;dep.marioheringer@camara.leg.br;https://dadosabertos.camara.leg.br/api/v2/partidos/36786
475;178858;Mário Negromonte Jr.;PP;BA;57;dep.marionegromontejr@camara.leg.br;https://dadosabertos.camara.leg.br/api/v2/partidos/37903
476;204566;Marreca Filho;PATRIOTA;MA;57;Não informado;https://dadosabertos.camara.leg.br/api/v2/partidos/38010
477;204566;Marreca Filho;PRD;MA;57;Não informado;https://dadosabertos.camara.leg.br/api/v2/partidos/38010
478;220572;Marussa Boldrin;MDB;GO;57;dep.marussaboldrin@camara.leg.br;https://dadosabertos.camara.leg.br/api/v2/partidos/36899
479;178843;Marx Beltrão;PP;AL;57;dep.marxbeltrao@camara.leg.br;https://dadosabertos.camara.leg.br/api/v2/partidos/37903
480;220661;Matheus Noronha;PL;CE;57;dep.matheusnoronha@camara.leg.br;https://dadosabertos.camara.leg.br/api/v2/partidos/37906
481;220609;Maurício Carvalho;UNIÃO;RO;57;dep.mauriciocarvalho@camara.leg.br;https://dadosabertos.camara.leg.br/api/v2/partidos/38009
482;220628;Mauricio do Vôlei;PL;MG;57;dep.mauriciodovolei@camara.leg.br;https://dadosabertos.camara.leg.br/api/v2/partidos/37906
483;220550;Mauricio Marcon;PODE;RS;57;dep.mauriciomarcon@camara.leg.br;https://dadosabertos.camara.leg.br/api/v2/partidos/37906
484;220550;Mauricio Marcon;PL;RS;57;dep.mauriciomarcon@camara.leg.br;https://dadosabertos.camara.leg.br/api/v2/partidos/37906
485;220647;Mauricio Neves;PP;SP;57;dep.mauricioneves@camara.leg.br;https://dadosabertos.camara.leg.br/api/v2/partidos/37903
486;204486;Mauro Benevides Filho;PDT;CE;57;dep.maurobenevidesfilho@camara.leg.br;https://dadosabertos.camara.leg.br/api/v2/partidos/36786
487;220607;Max Lemos;PROS;RJ;57;dep.maxlemos@camara.leg.br;https://dadosabertos.camara.leg.br/api/v2/partidos/36786
488;220607;Max Lemos;SOLIDARIEDADE;RJ;57;dep.maxlemos@camara.leg.br;https://dadosabertos.camara.leg.br/api/v2/partidos/36786
489;220607;Max Lemos;PDT;RJ;57;dep.maxlemos@camara.leg.br;https://dadosabertos.camara.leg.br/api/v2/partidos/36786
490;220591;Meire Serafim;UNIÃO;AC;57;dep.meireserafim@camara.leg.br;https://dadosabertos.camara.leg.br/api/v2/partidos/38009
491;74428;Mendonça Filho;UNIÃO;PE;57;dep.mendoncafilho@camara.leg.br;https://dadosabertos.camara.leg.br/api/v2/partidos/38009
492;188097;Merlong Solano;PT;PI;57;dep.merlongsolano@camara.leg.br;https://dadosabertos.camara.leg.br/api/v2/partidos/36844
493;220585;Mersinho Lucena;PP;PB;57;dep.mersinholucena@camara.leg.br;https://dadosabertos.camara.leg.br/api/v2/partidos/37903
494;220530;Messias Donato;REPUBLICANOS;ES;57;dep.messiasdonato@camara.leg.br;https://dadosabertos.camara.leg.br/api/v2/partidos/37908
495;171786;Miguel Ângelo;PT;MG;57;dep.miguelangelo@camara.leg.br;https://dadosabertos.camara.leg.br/api/v2/partidos/36844
496;178985;Miguel Lombardi;PL;SP;57;dep.miguellombardi@camara.leg.br;https://dadosabertos.camara.leg.br/api/v2/partidos/37906
497;154178;Milton Vieira;REPUBLICANOS;SP;57;Não informado;https://dadosabertos.camara.leg.br/api/v2/partidos/37908
498;178895;Misael Varella;PSD;MG;57;dep.misaelvarella@camara.leg.br;https://dadosabertos.camara.leg.br/api/v2/partidos/36834
499;229225;Missionária Michele Collins;PP;PE;57;Não informado;https://dadosabertos.camara.leg.br/api/v2/partidos/37903
500;160561;Missionário José Olimpio;PL;SP;57;dep.missionariojoseolimpio@camara.leg.br;https://dadosabertos.camara.leg.br/api/v2/partidos/37906
501;178997;Moses Rodrigues;UNIÃO;CE;57;dep.mosesrodrigues@camara.leg.br;https://dadosabertos.camara.leg.br/api/v2/partidos/38009
502;220617;Murillo Gouvea;UNIÃO;RJ;57;dep.murillogouvea@camara.leg.br;https://dadosabertos.camara.leg.br/api/v2/partidos/38009
503;220584;Murilo Galdino;REPUBLICANOS;PB;57;dep.murilogaldino@camara.leg.br;https://dadosabertos.camara.leg.br/api/v2/partidos/37908
504;204453;Natália Bonavides;PT;RN;57;dep.nataliabonavides@camara.leg.br;https://dadosabertos.camara.leg.br/api/v2/partidos/36844
505;228042;Naumi Amorim;PSD;CE;57;Não informado;https://dadosabertos.camara.leg.br/api/v2/partidos/36834
506;233218;Nelinho Freitas;MDB;CE;57;Não informado;https://dadosabertos.camara.leg.br/api/v2/partidos/36899
507;204449;Nelson Barbudo;PL;MT;57;dep.nelsonbarbudo@camara.leg.br;https://dadosabertos.camara.leg.br/api/v2/partidos/37906
508;220622;Nely Aquino;PODE;MG;57;dep.nelyaquino@camara.leg.br;https://dadosabertos.camara.leg.br/api/v2/partidos/36896
509;220703;Neto Carletto;PP;BA;57;dep.netocarletto@camara.leg.br;https://dadosabertos.camara.leg.br/api/v2/partidos/36898
510;220703;Neto Carletto;AVANTE;BA;57;dep.netocarletto@camara.leg.br;https://dadosabertos.camara.leg.br/api/v2/partidos/36898
511;229939;Newton Bonin;UNIÃO;PR;57;Não informado;https://dadosabertos.camara.leg.br/api/v2/partidos/38009
512;178896;Newton Cardoso Jr;MDB;MG;57;dep.newtoncardosojr@camara.leg.br;https://dadosabertos.camara.leg.br/api/v2/partidos/36899
513;204479;Nicoletti;UNIÃO;RR;57;dep.nicoletti@camara.leg.br;https://dadosabertos.camara.leg.br/api/v2/partidos/37906
514;204479;Nicoletti;PL;RR;57;dep.nicoletti@camara.leg.br;https://dadosabertos.camara.leg.br/api/v2/partidos/37906
515;209787;Nikolas Ferreira;PL;MG;57;dep.nikolasferreira@camara.leg.br;https://dadosabertos.camara.leg.br/api/v2/partidos/37906
516;178986;Nilto Tatto;PT;SP;57;dep.niltotatto@camara.leg.br;https://dadosabertos.camara.leg.br/api/v2/partidos/36844
517;227660;Nitinho;PSD;SE;57;Não informado;https://dadosabertos.camara.leg.br/api/v2/partidos/36834
518;74159;Odair Cunha;PT;MG;57;dep.odaircunha@camara.leg.br;https://dadosabertos.camara.leg.br/api/v2/partidos/36844
519;204498;Olival Marques;MDB;PA;57;dep.olivalmarques@camara.leg.br;https://dadosabertos.camara.leg.br/api/v2/partidos/36899
520;178987;Orlando Silva;PCdoB;SP;57;dep.orlandosilva@camara.leg.br;https://dadosabertos.camara.leg.br/api/v2/partidos/36779
521;73692;Osmar Terra;MDB;RS;57;dep.osmarterra@camara.leg.br;https://dadosabertos.camara.leg.br/api/v2/partidos/37906
522;73692;Osmar Terra;PL;RS;57;dep.osmarterra@camara.leg.br;https://dadosabertos.camara.leg.br/api/v2/partidos/37906
523;204422;Ossesio Silva;REPUBLICANOS;PE;57;dep.ossesiosilva@camara.leg.br;https://dadosabertos.camara.leg.br/api/v2/partidos/37908
524;204441;Otoni de Paula;MDB;RJ;57;dep.otonidepaula@camara.leg.br;https://dadosabertos.camara.leg.br/api/v2/partidos/36899
525;204573;Otto Alencar Filho;PSD;BA;57;Não informado;https://dadosabertos.camara.leg.br/api/v2/partidos/36834
526;220706;Padovani;UNIÃO;PR;57;dep.padovani@camara.leg.br;https://dadosabertos.camara.leg.br/api/v2/partidos/38009
527;160556;Padre João;PT;MG;57;dep.padrejoao@camara.leg.br;https://dadosabertos.camara.leg.br/api/v2/partidos/36844
528;230762;Pastor Claudio Mariano;UNIÃO;PA;57;Não informado;https://dadosabertos.camara.leg.br/api/v2/partidos/38009
529;180214;Pastor Diniz;UNIÃO;RR;57;dep.pastordiniz@camara.leg.br;https://dadosabertos.camara.leg.br/api/v2/partidos/38009
530;160642;Pastor Eurico;PL;PE;57;dep.pastoreurico@camara.leg.br;https://dadosabertos.camara.leg.br/api/v2/partidos/37906
531;204570;Pastor Gil;PL;MA;57;dep.pastorgil@camara.leg.br;https://dadosabertos.camara.leg.br/api/v2/partidos/37906
532;220615;Pastor Henrique Vieira;PSOL;RJ;57;dep.pastorhenriquevieira@camara.leg.br;https://dadosabertos.camara.leg.br/api/v2/partidos/36839
533;204553;Pastor Sargento Isidório;AVANTE;BA;57;dep.pastorsargentoisidorio@camara.leg.br;https://dadosabertos.camara.leg.br/api/v2/partidos/36898
534;74160;Patrus Ananias;PT;MG;57;dep.patrusananias@camara.leg.br;https://dadosabertos.camara.leg.br/api/v2/partidos/36844
535;74095;Pauderney Avelino;UNIÃO;AM;57;Não informado;https://dadosabertos.camara.leg.br/api/v2/partidos/38009
536;171617;Paulão;PT;AL;57;dep.paulao@camara.leg.br;https://dadosabertos.camara.leg.br/api/v2/partidos/36844
537;141518;Paulinho da Força;SOLIDARIEDADE;SP;57;dep.paulinhodaforca@camara.leg.br;https://dadosabertos.camara.leg.br/api/v2/partidos/37904
538;220627;Paulinho Freire;UNIÃO;RN;57;Não informado;https://dadosabertos.camara.leg.br/api/v2/partidos/38009
539;141516;Paulo Abi-Ackel;PSDB;MG;57;dep.pauloabiackel@camara.leg.br;https://dadosabertos.camara.leg.br/api/v2/partidos/36835
540;220650;Paulo Alexandre Barbosa;PSDB;SP;57;dep.pauloalexandrebarbosa@camara.leg.br;https://dadosabertos.camara.leg.br/api/v2/partidos/36835
541;178860;Paulo Azi;UNIÃO;BA;57;dep.pauloazi@camara.leg.br;https://dadosabertos.camara.leg.br/api/v2/partidos/38009
542;160517;Paulo Foletto;PSB;ES;57;dep.paulofolletto@camara.leg.br;https://dadosabertos.camara.leg.br/api/v2/partidos/36832
543;160517;Paulo Folletto;PSB;ES;57;dep.paulofolletto@camara.leg.br;https://dadosabertos.camara.leg.br/api/v2/partidos/36832
544;160558;Paulo Freire Costa;PL;SP;57;dep.paulofreirecosta@camara.leg.br;https://dadosabertos.camara.leg.br/api/v2/partidos/37906
545;204492;Paulo Guedes;PT;MG;57;dep.pauloguedes@camara.leg.br;https://dadosabertos.camara.leg.br/api/v2/partidos/36844
546;233592;Paulo Lemos;PSOL;AP;57;Não informado;https://dadosabertos.camara.leg.br/api/v2/partidos/36839
547;220685;Paulo Litro;PSD;PR;57;dep.paulolitro@camara.leg.br;https://dadosabertos.camara.leg.br/api/v2/partidos/36834
548;74574;Paulo Magalhães;PSD;BA;57;dep.paulomagalhaes@camara.leg.br;https://dadosabertos.camara.leg.br/api/v2/partidos/36834
549;128760;Paulo Marinho Jr;PL;MA;57;dep.paulomarinhojr@camara.leg.br;https://dadosabertos.camara.leg.br/api/v2/partidos/37906
550;74400;Paulo Pimenta;PT;RS;57;dep.paulopimenta@camara.leg.br;https://dadosabertos.camara.leg.br/api/v2/partidos/36844
551;141488;Paulo Teixeira;PT;SP;57;Não informado;https://dadosabertos.camara.leg.br/api/v2/partidos/36844
552;220630;Pedro Aihara;PATRIOTA;MG;57;dep.pedroaihara@camara.leg.br;https://dadosabertos.camara.leg.br/api/v2/partidos/38010
553;220630;Pedro Aihara;PRD;MG;57;dep.pedroaihara@camara.leg.br;https://dadosabertos.camara.leg.br/api/v2/partidos/38010
554;220667;Pedro Campos;PSB;PE;57;dep.pedrocampos@camara.leg.br;https://dadosabertos.camara.leg.br/api/v2/partidos/36832
555;229112;Pedro Jr;PL;TO;57;Não informado;https://dadosabertos.camara.leg.br/api/v2/partidos/37906
556;122974;Pedro Lucas Fernandes;UNIÃO;MA;57;dep.pedrolucasfernandes@camara.leg.br;https://dadosabertos.camara.leg.br/api/v2/partidos/38009
557;204395;Pedro Lupion;PP;PR;57;dep.pedrolupion@camara.leg.br;https://dadosabertos.camara.leg.br/api/v2/partidos/37908
558;204395;Pedro Lupion;REPUBLICANOS;PR;57;dep.pedrolupion@camara.leg.br;https://dadosabertos.camara.leg.br/api/v2/partidos/37908
559;122158;Pedro Paulo;PSD;RJ;57;dep.pedropaulo@camara.leg.br;https://dadosabertos.camara.leg.br/api/v2/partidos/36834
560;229259;Pedro Tourinho;PT;SP;57;Não informado;https://dadosabertos.camara.leg.br/api/v2/partidos/36844
561;160604;Pedro Uczai;PT;SC;57;dep.pedrouczai@camara.leg.br;https://dadosabertos.camara.leg.br/api/v2/partidos/36844
562;204406;Pedro Westphalen;PP;RS;57;dep.pedrowestphalen@camara.leg.br;https://dadosabertos.camara.leg.br/api/v2/partidos/37903
563;161440;Pezenti;MDB;SC;57;dep.pezenti@camara.leg.br;https://dadosabertos.camara.leg.br/api/v2/partidos/36899
564;204524;Pinheirinho;PP;MG;57;dep.pinheirinho@camara.leg.br;https://dadosabertos.camara.leg.br/api/v2/partidos/37903
565;73486;Pompeo de Mattos;PDT;RS;57;dep.pompeodemattos@camara.leg.br;https://dadosabertos.camara.leg.br/api/v2/partidos/36786
566;160601;Pr. Marco Feliciano;PL;SP;57;dep.pr.marcofeliciano@camara.leg.br;https://dadosabertos.camara.leg.br/api/v2/partidos/37906
567;226075;Priscila Costa;PL;CE;57;Não informado;https://dadosabertos.camara.leg.br/api/v2/partidos/37906
568;89536;Prof. Paulo Fernando;REPUBLICANOS;DF;57;Não informado;https://dadosabertos.camara.leg.br/api/v2/partidos/37908
569;220533;Prof. Reginaldo Veras;PV;DF;57;dep.prof.reginaldoveras@camara.leg.br;https://dadosabertos.camara.leg.br/api/v2/partidos/36851
570;204390;Professor Alcides;PL;GO;57;dep.professoralcides@camara.leg.br;https://dadosabertos.camara.leg.br/api/v2/partidos/37906
571;220580;Professora Goreth;PDT;AP;57;Não informado;https://dadosabertos.camara.leg.br/api/v2/partidos/36786
572;221338;Professora Luciene Cavalcante;PSOL;SP;57;dep.professoralucienecavalcante@camara.leg.br;https://dadosabertos.camara.leg.br/api/v2/partidos/36839
573;160641;Professora Marcivania;PCdoB;AP;57;dep.professoramarcivania@camara.leg.br;https://dadosabertos.camara.leg.br/api/v2/partidos/36779
574;220586;Rafael Brito;MDB;AL;57;dep.rafaelbrito@camara.leg.br;https://dadosabertos.camara.leg.br/api/v2/partidos/36899
575;233594;Rafael Fera;PODE;RO;57;dep.rafaelfera@camara.leg.br;https://dadosabertos.camara.leg.br/api/v2/partidos/36896
576;233594;Rafael Fera o Fiscal do Povo;PODE;RO;57;dep.rafaelfera@camara.leg.br;https://dadosabertos.camara.leg.br/api/v2/partidos/36896
577;220532;Rafael Prudente;MDB;DF;57;dep.rafaelprudente@camara.leg.br;https://dadosabertos.camara.leg.br/api/v2/partidos/36899
578;220626;Rafael Simoes;UNIÃO;MG;57;dep.rafaelsimoes@camara.leg.br;https://dadosabertos.camara.leg.br/api/v2/partidos/38009
579;204567;Raimundo Costa;PODE;BA;57;dep.raimundocosta@camara.leg.br;https://dadosabertos.camara.leg.br/api/v2/partidos/36896
580;74084;Raimundo Santos;PSD;PA;57;dep.raimundosantos@camara.leg.br;https://dadosabertos.camara.leg.br/api/v2/partidos/36834
581;115200;Raniery Paulino;REPUBLICANOS;PB;57;Não informado;https://dadosabertos.camara.leg.br/api/v2/partidos/37908
582;74161;Reginaldo Lopes;PT;MG;57;dep.reginaldolopes@camara.leg.br;https://dadosabertos.camara.leg.br/api/v2/partidos/36844
583;221378;Reginete Bispo;PT;RS;57;Não informado;https://dadosabertos.camara.leg.br/api/v2/partidos/36844
584;220606;Reimont;PT;RJ;57;dep.reimont@camara.leg.br;https://dadosabertos.camara.leg.br/api/v2/partidos/36844
585;205865;Reinhold Stephanes;PSD;PR;57;dep.reinholdstephanes@camara.leg.br;https://dadosabertos.camara.leg.br/api/v2/partidos/36834
586;225386;Renan Ferreirinha;PSD;RJ;57;Não informado;https://dadosabertos.camara.leg.br/api/v2/partidos/36834
587;178989;Renata Abreu;PODE;SP;57;dep.renataabreu@camara.leg.br;https://dadosabertos.camara.leg.br/api/v2/partidos/36896
588;153423;Renilce Nicodemos;MDB;PA;57;dep.renilcenicodemos@camara.leg.br;https://dadosabertos.camara.leg.br/api/v2/partidos/36899
589;73801;Renildo Calheiros;PCdoB;PE;57;dep.renildocalheiros@camara.leg.br;https://dadosabertos.camara.leg.br/api/v2/partidos/36779
590;175765;Ribamar Silva;PSD;SP;57;dep.ribamarsilva@camara.leg.br;https://dadosabertos.camara.leg.br/api/v2/partidos/36834
591;235088;Ribeiro Neto;PATRIOTA;MA;57;dep.ribeironeto@camara.leg.br;https://dadosabertos.camara.leg.br/api/v2/partidos/38010
592;235088;Ribeiro Neto;PRD;MA;57;dep.ribeironeto@camara.leg.br;https://dadosabertos.camara.leg.br/api/v2/partidos/38010
593;221329;Ricardo Abrão;UNIÃO;RJ;57;dep.ricardoabrao@camara.leg.br;https://dadosabertos.camara.leg.br/api/v2/partidos/38009
594;220543;Ricardo Ayres;REPUBLICANOS;TO;57;dep.ricardoayres@camara.leg.br;https://dadosabertos.camara.leg.br/api/v2/partidos/37908
595;73788;Ricardo Barros;PP;PR;57;dep.ricardobarros@camara.leg.br;https://dadosabertos.camara.leg.br/api/v2/partidos/37903
596;234310;Ricardo Galvão;REDE;SP;57;dep.ricardogalvao@camara.leg.br;https://dadosabertos.camara.leg.br/api/v2/partidos/36886
597;204362;Ricardo Guidi;PSD;SC;57;dep.ricardoguidi@camara.leg.br;https://dadosabertos.camara.leg.br/api/v2/partidos/37906
598;204362;Ricardo Guidi;PL;SC;57;dep.ricardoguidi@camara.leg.br;https://dadosabertos.camara.leg.br/api/v2/partidos/37906
599;220694;Ricardo Maia;MDB;BA;57;dep.ricardomaia@camara.leg.br;https://dadosabertos.camara.leg.br/api/v2/partidos/36899
600;220633;Ricardo Salles;PL;SP;57;dep.ricardosalles@camara.leg.br;https://dadosabertos.camara.leg.br/api/v2/partidos/37901
601;220633;Ricardo Salles;NOVO;SP;57;dep.ricardosalles@camara.leg.br;https://dadosabertos.camara.leg.br/api/v2/partidos/37901
602;213274;Ricardo Silva;PSD;SP;57;Não informado;https://dadosabertos.camara.leg.br/api/v2/partidos/36834
603;204489;Robério Monteiro;PDT;CE;57;dep.roberiomonteiro@camara.leg.br;https://dadosabertos.camara.leg.br/api/v2/partidos/36786
604;220693;Roberta Roma;PL;BA;57;dep.robertaroma@camara.leg.br;https://dadosabertos.camara.leg.br/api/v2/partidos/37906
605;220588;Roberto Duarte;REPUBLICANOS;AC;57;dep.robertoduarte@camara.leg.br;https://dadosabertos.camara.leg.br/api/v2/partidos/37908
606;220613;Roberto Monteiro;PL;RJ;57;dep.robertomonteiropai@camara.leg.br;https://dadosabertos.camara.leg.br/api/v2/partidos/37906
607;220613;Roberto Monteiro Pai;PL;RJ;57;dep.robertomonteiropai@camara.leg.br;https://dadosabertos.camara.leg.br/api/v2/partidos/37906
608;220624;Robinson Faria;PL;RN;57;dep.robinsonfaria@camara.leg.br;https://dadosabertos.camara.leg.br/api/v2/partidos/37903
609;220624;Robinson Faria;PP;RN;57;dep.robinsonfaria@camara.leg.br;https://dadosabertos.camara.leg.br/api/v2/partidos/37903
610;220546;Rodolfo Nogueira;PL;MS;57;dep.rodolfonogueira@camara.leg.br;https://dadosabertos.camara.leg.br/api/v2/partidos/37906
611;230767;Rodrigo da Zaeli;PL;MT;57;dep.rodrigodazaeli@camara.leg.br;https://dadosabertos.camara.leg.br/api/v2/partidos/37906
612;141531;Rodrigo de Castro;UNIÃO;MG;57;dep.rodrigodecastro@camara.leg.br;https://dadosabertos.camara.leg.br/api/v2/partidos/38009
613;223128;Rodrigo Estacho;PSD;PR;57;dep.rodrigoestacho@camara.leg.br;https://dadosabertos.camara.leg.br/api/v2/partidos/36834
614;220641;Rodrigo Gambale;PODE;SP;57;dep.rodrigogambale@camara.leg.br;https://dadosabertos.camara.leg.br/api/v2/partidos/36896
615;141533;Rodrigo Rollemberg;PSB;DF;57;dep.rodrigorollemberg@camara.leg.br;https://dadosabertos.camara.leg.br/api/v2/partidos/36832
616;165470;Rodrigo Valadares;UNIÃO;SE;57;dep.rodrigovaladares@camara.leg.br;https://dadosabertos.camara.leg.br/api/v2/partidos/38009
617;220695;Rogéria Santos;REPUBLICANOS;BA;57;dep.rogeriasantos@camara.leg.br;https://dadosabertos.camara.leg.br/api/v2/partidos/37908
618;204480;Rogério Correia;PT;MG;57;dep.rogeriocorreia@camara.leg.br;https://dadosabertos.camara.leg.br/api/v2/partidos/36844
619;160629;Romero Rodrigues;PSC;PB;57;dep.romerorodrigues@camara.leg.br;https://dadosabertos.camara.leg.br/api/v2/partidos/36896
620;160629;Romero Rodrigues;PODE;PB;57;dep.romerorodrigues@camara.leg.br;https://dadosabertos.camara.leg.br/api/v2/partidos/36896
621;163321;Ronaldo Nogueira;REPUBLICANOS;RS;57;Não informado;https://dadosabertos.camara.leg.br/api/v2/partidos/37908
622;204525;Rosana Valle;PL;SP;57;dep.rosanavalle@camara.leg.br;https://dadosabertos.camara.leg.br/api/v2/partidos/37906
623;178945;Rosangela Gomes;REPUBLICANOS;RJ;57;Não informado;https://dadosabertos.camara.leg.br/api/v2/partidos/37908
624;220644;Rosangela Moro;UNIÃO;SP;57;dep.rosangelamoro@camara.leg.br;https://dadosabertos.camara.leg.br/api/v2/partidos/38009
625;220620;Rosângela Reis;PL;MG;57;dep.rosangelareis@camara.leg.br;https://dadosabertos.camara.leg.br/api/v2/partidos/37906
626;73806;Roseana Sarney;MDB;MA;57;Não informado;https://dadosabertos.camara.leg.br/api/v2/partidos/36899
627;74371;Rubens Otoni;PT;GO;57;dep.rubensotoni@camara.leg.br;https://dadosabertos.camara.leg.br/api/v2/partidos/36844
628;178887;Rubens Pereira Júnior;PT;MA;57;dep.rubenspereirajunior@camara.leg.br;https://dadosabertos.camara.leg.br/api/v2/partidos/36844
629;73604;Rui Falcão;PT;SP;57;dep.ruifalcao@camara.leg.br;https://dadosabertos.camara.leg.br/api/v2/partidos/36844
630;160635;Ruy Carneiro;PSC;PB;57;dep.ruycarneiro@camara.leg.br;https://dadosabertos.camara.leg.br/api/v2/partidos/36896
631;160635;Ruy Carneiro;PODE;PB;57;dep.ruycarneiro@camara.leg.br;https://dadosabertos.camara.leg.br/api/v2/partidos/36896
632;204535;Sâmia Bomfim;PSOL;SP;57;dep.samiabomfim@camara.leg.br;https://dadosabertos.camara.leg.br/api/v2/partidos/36839
633;233598;Samuel dos Santos;PSC;GO;57;Não informado;https://dadosabertos.camara.leg.br/api/v2/partidos/36896
634;233598;Samuel dos Santos;PODE;GO;57;Não informado;https://dadosabertos.camara.leg.br/api/v2/partidos/36896
635;233598;Samuel Santos;PSC;GO;57;Não informado;https://dadosabertos.camara.leg.br/api/v2/partidos/36896
636;233598;Samuel Santos;PODE;GO;57;Não informado;https://dadosabertos.camara.leg.br/api/v2/partidos/36896
637;220631;Samuel Viana;PL;MG;57;dep.samuelviana@camara.leg.br;https://dadosabertos.camara.leg.br/api/v2/partidos/37908
638;220631;Samuel Viana;REPUBLICANOS;MG;57;dep.samuelviana@camara.leg.br;https://dadosabertos.camara.leg.br/api/v2/partidos/37908
639;204416;Sanderson;PL;RS;57;dep.sanderson@camara.leg.br;https://dadosabertos.camara.leg.br/api/v2/partidos/37906
640;160621;Sandro Alex;PSD;PR;57;Não informado;https://dadosabertos.camara.leg.br/api/v2/partidos/36834
641;204387;Sargento Fahur;PSD;PR;57;dep.sargentofahur@camara.leg.br;https://dadosabertos.camara.leg.br/api/v2/partidos/37906
642;204387;Sargento Fahur;PL;PR;57;dep.sargentofahur@camara.leg.br;https://dadosabertos.camara.leg.br/api/v2/partidos/37906
643;220621;Sargento Gonçalves;PL;RN;57;dep.sargentogoncalves@camara.leg.br;https://dadosabertos.camara.leg.br/api/v2/partidos/37906
644;220618;Sargento Portugal;PODE;RJ;57;dep.sargentoportugal@camara.leg.br;https://dadosabertos.camara.leg.br/api/v2/partidos/36896
645;220713;Saullo Vianna;UNIÃO;AM;57;dep.saullovianna@camara.leg.br;https://dadosabertos.camara.leg.br/api/v2/partidos/36899
646;220713;Saullo Vianna;MDB;AM;57;dep.saullovianna@camara.leg.br;https://dadosabertos.camara.leg.br/api/v2/partidos/36899
647;226837;Saulo Pedroso;PSD;SP;57;dep.saulopedroso@camara.leg.br;https://dadosabertos.camara.leg.br/api/v2/partidos/36834
648;73808;Sérgio Brito;PSD;BA;57;dep.sergiobrito@camara.leg.br;https://dadosabertos.camara.leg.br/api/v2/partidos/36834
649;77003;Sergio Santos Rodrigues;PODE;MG;57;Não informado;https://dadosabertos.camara.leg.br/api/v2/partidos/36896
650;178933;Sergio Souza;MDB;PR;57;dep.sergiosouza@camara.leg.br;https://dadosabertos.camara.leg.br/api/v2/partidos/36899
651;204557;Sidney Leite;PSD;AM;57;dep.sidneyleite@camara.leg.br;https://dadosabertos.camara.leg.br/api/v2/partidos/36834
652;74356;Silas Câmara;REPUBLICANOS;AM;57;dep.silascamara@camara.leg.br;https://dadosabertos.camara.leg.br/api/v2/partidos/37908
653;204360;Silvia Cristina;PL;RO;57;dep.silviacristina@camara.leg.br;https://dadosabertos.camara.leg.br/api/v2/partidos/37903
654;204360;Silvia Cristina;PP;RO;57;dep.silviacristina@camara.leg.br;https://dadosabertos.camara.leg.br/api/v2/partidos/37903
655;220579;Silvia Waiãpi;PL;AP;57;Não informado;https://dadosabertos.camara.leg.br/api/v2/partidos/37906
656;227310;Silvio Antonio;PL;MA;57;dep.silvioantonio@camara.leg.br;https://dadosabertos.camara.leg.br/api/v2/partidos/37906
657;204425;Silvio Costa Filho;REPUBLICANOS;PE;57;Não informado;https://dadosabertos.camara.leg.br/api/v2/partidos/37908
658;220569;Silvye Alves;UNIÃO;GO;57;dep.silvyealves@camara.leg.br;https://dadosabertos.camara.leg.br/api/v2/partidos/38009
659;220651;Simone Marquetto;MDB;SP;57;dep.simonemarquetto@camara.leg.br;https://dadosabertos.camara.leg.br/api/v2/partidos/36899
660;104552;Socorro Neri;PP;AC;57;dep.socorroneri@camara.leg.br;https://dadosabertos.camara.leg.br/api/v2/partidos/37903
661;222565;Soldado Noelio;UNIÃO;CE;57;dep.soldadonoelio@camara.leg.br;https://dadosabertos.camara.leg.br/api/v2/partidos/38009
662;220643;Sônia Guajajara;PSOL;SP;57;Não informado;https://dadosabertos.camara.leg.br/api/v2/partidos/36839
663;220575;Sonize Barbosa;PL;AP;57;Não informado;https://dadosabertos.camara.leg.br/api/v2/partidos/37906
664;178946;Soraya Santos;PL;RJ;57;dep.sorayasantos@camara.leg.br;https://dadosabertos.camara.leg.br/api/v2/partidos/37906
665;178947;Sóstenes Cavalcante;PL;RJ;57;dep.sostenescavalcante@camara.leg.br;https://dadosabertos.camara.leg.br/api/v2/partidos/37906
666;92776;Stefano Aguiar;PSD;MG;57;dep.stefanoaguiar@camara.leg.br;https://dadosabertos.camara.leg.br/api/v2/partidos/36834
667;204534;Tabata Amaral;PSB;SP;57;dep.tabataamaral@camara.leg.br;https://dadosabertos.camara.leg.br/api/v2/partidos/36832
668;230177;Tadeu Oliveira;PL;CE;57;Não informado;https://dadosabertos.camara.leg.br/api/v2/partidos/37906
669;220682;Tadeu Veneri;PT;PR;57;dep.tadeuveneri@camara.leg.br;https://dadosabertos.camara.leg.br/api/v2/partidos/36844
670;204464;Talíria Petrone;PSOL;RJ;57;dep.taliriapetrone@camara.leg.br;https://dadosabertos.camara.leg.br/api/v2/partidos/36839
671;220598;Tarcísio Motta;PSOL;RJ;57;dep.tarcisiomotta@camara.leg.br;https://dadosabertos.camara.leg.br/api/v2/partidos/36839
672;220552;Tenente Coronel Zucco;REPUBLICANOS;RS;57;dep.zucco@camara.leg.br;https://dadosabertos.camara.leg.br/api/v2/partidos/37906
673;220552;Tenente Coronel Zucco;PL;RS;57;dep.zucco@camara.leg.br;https://dadosabertos.camara.leg.br/api/v2/partidos/37906
674;220560;Thiago de Joaldo;PP;SE;57;dep.thiagodejoaldo@camara.leg.br;https://dadosabertos.camara.leg.br/api/v2/partidos/37903
675;220597;Thiago Flores;MDB;RO;57;dep.thiagoflores@camara.leg.br;https://dadosabertos.camara.leg.br/api/v2/partidos/37908
676;220597;Thiago Flores;REPUBLICANOS;RO;57;dep.thiagoflores@camara.leg.br;https://dadosabertos.camara.leg.br/api/v2/partidos/37908
677;143084;Tiago Dimas;PODE;TO;57;dep.tiagodimas@camara.leg.br;https://dadosabertos.camara.leg.br/api/v2/partidos/36896
678;220684;Tião Medeiros;PP;PR;57;dep.tiaomedeiros@camara.leg.br;https://dadosabertos.camara.leg.br/api/v2/partidos/37903
679;160976;Tiririca;PL;SP;57;dep.tiririca@camara.leg.br;https://dadosabertos.camara.leg.br/api/v2/partidos/36834
680;160976;Tiririca;PSD;SP;57;dep.tiririca@camara.leg.br;https://dadosabertos.camara.leg.br/api/v2/partidos/36834
681;178934;Toninho Wandscheer;PROS;PR;57;dep.toninhowandscheer@camara.leg.br;https://dadosabertos.camara.leg.br/api/v2/partidos/37903
682;178934;Toninho Wandscheer;PP;PR;57;dep.toninhowandscheer@camara.leg.br;https://dadosabertos.camara.leg.br/api/v2/partidos/37903
683;157130;Túlio Gadêlha;REDE;PE;57;dep.tuliogadelha@camara.leg.br;https://dadosabertos.camara.leg.br/api/v2/partidos/36886
684;223398;Ulisses Guimarães;MDB;MG;57;Não informado;https://dadosabertos.camara.leg.br/api/v2/partidos/36899
685;160610;Valmir Assunção;PT;BA;57;dep.valmirassuncao@camara.leg.br;https://dadosabertos.camara.leg.br/api/v2/partidos/36844
686;74376;Vander Loubet;PT;MS;57;dep.vanderloubet@camara.leg.br;https://dadosabertos.camara.leg.br/api/v2/partidos/36844
687;234673;Vanderlan Alves;UNIÃO;CE;57;dep.vanderlanalves@camara.leg.br;https://dadosabertos.camara.leg.br/api/v2/partidos/37908
688;234673;Vanderlan Alves;REPUBLICANOS;CE;57;dep.vanderlanalves@camara.leg.br;https://dadosabertos.camara.leg.br/api/v2/partidos/37908
689;204396;Vermelho;PL;PR;57;dep.vermelho@camara.leg.br;https://dadosabertos.camara.leg.br/api/v2/partidos/37903
690;204396;Vermelho;PP;PR;57;dep.vermelho@camara.leg.br;https://dadosabertos.camara.leg.br/api/v2/partidos/37903
691;74283;Vicentinho;PT;SP;57;dep.vicentinho@camara.leg.br;https://dadosabertos.camara.leg.br/api/v2/partidos/36844
692;137070;Vicentinho Júnior;PP;TO;57;dep.vicentinhojunior@camara.leg.br;https://dadosabertos.camara.leg.br/api/v2/partidos/36835
693;137070;Vicentinho Júnior;PSDB;TO;57;dep.vicentinhojunior@camara.leg.br;https://dadosabertos.camara.leg.br/api/v2/partidos/36835
694;141555;Vinicius Carvalho;REPUBLICANOS;SP;57;dep.viniciuscarvalho@camara.leg.br;https://dadosabertos.camara.leg.br/api/v2/partidos/37908
695;160591;Vinicius Gurgel;PL;AP;57;dep.viniciusgurgel@camara.leg.br;https://dadosabertos.camara.leg.br/api/v2/partidos/37906
696;178992;Vitor Lippi;PSDB;SP;57;dep.vitorlippi@camara.leg.br;https://dadosabertos.camara.leg.br/api/v2/partidos/36834
697;178992;Vitor Lippi;PSD;SP;57;dep.vitorlippi@camara.leg.br;https://dadosabertos.camara.leg.br/api/v2/partidos/36834
698;91228;Waldemar Oliveira;AVANTE;PE;57;dep.waldemaroliveira@camara.leg.br;https://dadosabertos.camara.leg.br/api/v2/partidos/36898
699;160569;Waldenor Pereira;PT;BA;57;dep.waldenorpereira@camara.leg.br;https://dadosabertos.camara.leg.br/api/v2/partidos/36844
700;220601;Washington Quaquá;PT;RJ;57;Não informado;https://dadosabertos.camara.leg.br/api/v2/partidos/36844
701;160518;Weliton Prado;PROS;MG;57;dep.welitonprado@camara.leg.br;https://dadosabertos.camara.leg.br/api/v2/partidos/37904
702;160518;Weliton Prado;SOLIDARIEDADE;MG;57;dep.welitonprado@camara.leg.br;https://dadosabertos.camara.leg.br/api/v2/partidos/37904
703;74043;Wellington Roberto;PL;PB;57;dep.wellingtonroberto@camara.leg.br;https://dadosabertos.camara.leg.br/api/v2/partidos/37906
704;224333;Welter;PT;PR;57;dep.welter@camara.leg.br;https://dadosabertos.camara.leg.br/api/v2/partidos/36844
705;74044;Wilson Santiago;REPUBLICANOS;PB;57;dep.wilsonsantiago@camara.leg.br;https://dadosabertos.camara.leg.br/api/v2/partidos/37908
706;182146;Wolmer Araújo;PATRIOTA;MA;57;Não informado;https://dadosabertos.camara.leg.br/api/v2/partidos/37904
707;182146;Wolmer Araújo;SOLIDARIEDADE;MA;57;Não informado;https://dadosabertos.camara.leg.br/api/v2/partidos/37904
708;220564;Yandra Moura;UNIÃO;SE;57;dep.yandramoura@camara.leg.br;https://dadosabertos.camara.leg.br/api/v2/partidos/38009
709;220660;Yury do Paredão;PL;CE;57;Não informado;https://dadosabertos.camara.leg.br/api/v2/partidos/36899
710;220660;Yury do Paredão;S.PART.;CE;57;Não informado;https://dadosabertos.camara.leg.br/api/v2/partidos/36899
711;220660;Yury do Paredão;MDB;CE;57;Não informado;https://dadosabertos.camara.leg.br/api/v2/partidos/36899
712;230768;Zé Adriano;PP;AC;57;dep.zeadriano@camara.leg.br;https://dadosabertos.camara.leg.br/api/v2/partidos/37903
713;220536;Zé Haroldo Cathedral;PSD;RR;57;dep.zeharoldocathedral@camara.leg.br;https://dadosabertos.camara.leg.br/api/v2/partidos/36834
714;204559;Zé Neto;PT;BA;57;dep.zeneto@camara.leg.br;https://dadosabertos.camara.leg.br/api/v2/partidos/36844
715;160632;Zé Silva;SOLIDARIEDADE;MG;57;dep.zesilva@camara.leg.br;https://dadosabertos.camara.leg.br/api/v2/partidos/37904
716;220558;Zé Trovão;PL;SC;57;dep.zetrovao@camara.leg.br;https://dadosabertos.camara.leg.br/api/v2/partidos/37906
717;204517;Zé Vitor;PL;MG;57;dep.zevitor@camara.leg.br;https://dadosabertos.camara.leg.br/api/v2/partidos/37906
718;160592;Zeca Dirceu;PT;PR;57;dep.zecadirceu@camara.leg.br;https://dadosabertos.camara.leg.br/api/v2/partidos/36844
719;220592;Zezinho Barbary;PP;AC;57;dep.zezinhobarbary@camara.leg.br;https://dadosabertos.camara.leg.br/api/v2/partidos/37903
720;220552;Zucco;REPUBLICANOS;RS;57;dep.zucco@camara.leg.br;https://dadosabertos.camara.leg.br/api/v2/partidos/37906
721;220552;Zucco;PL;RS;57;dep.zucco@camara.leg.br;https://dadosabertos.camara.leg.br/api/v2/partidos/37906
